timestamp,asset,strategy,return_pct,buy_hold_pct,vs_buy_hold,trades,win_rate,max_drawdown,beats_hold
2026-02-10 02:00,ETH,BB_BOUNCE,-40.16,-54.71,14.55,9,33.3,-66.3,YES
2026-02-10 02:00,ETH,BB_BREAKOUT,-19.62,-54.71,35.09,7,57.1,-52.8,YES
2026-02-10 02:00,ETH,TREND_RSI,-73.11,-54.71,-18.4,14,28.6,-86.0,NO
2026-02-10 02:00,ETH,MOMENTUM,-66.24,-54.71,-11.53,10,30.0,-79.1,NO
2026-02-10 02:00,ETH,MOMENTUM_STRONG,-67.17,-54.71,-12.46,13,30.8,-85.0,NO
2026-02-10 02:00,ETH,COMBO_MACD_RSI,-53.63,-54.71,1.08,5,20.0,-66.4,YES
2026-02-10 02:00,ETH,COMBO_BB_RSI,-40.16,-54.71,14.55,9,33.3,-66.3,YES
2026-02-10 02:00,ETH,MEAN_REVERT,-86.08,-54.71,-31.37,33,39.4,-95.4,NO
2026-02-10 02:00,SOL,RSI_EXTREME,-88.62,-54.46,-34.16,21,33.3,-93.3,NO
2026-02-10 02:00,SOL,RSI_MODERATE,-25.63,-54.46,28.82,9,33.3,-74.9,YES
2026-02-10 02:00,SOL,RSI_REVERSAL,-56.64,-54.46,-2.19,8,25.0,-64.1,NO
2026-02-10 02:00,SOL,SMA_CROSS,-51.27,-54.46,3.18,10,40.0,-75.2,YES
2026-02-10 02:00,SOL,SMA_TREND,17.55,-54.46,72.0,33,48.5,-69.8,YES
2026-02-10 02:00,SOL,MACD_CROSS,-15.92,-54.46,38.53,6,50.0,-58.4,YES
2026-02-10 02:00,SOL,MACD_ZERO,100.45,-54.46,154.9,3,100.0,-14.1,YES
2026-02-10 02:00,SOL,MACD_HISTOGRAM,-15.92,-54.46,38.53,6,50.0,-58.4,YES
2026-02-10 02:00,SOL,BB_BOUNCE,-6.69,-54.46,47.77,12,41.7,-53.1,YES
2026-02-10 02:00,SOL,BB_BREAKOUT,0.82,-54.46,55.27,8,62.5,-46.2,YES
2026-02-10 02:00,SOL,TREND_RSI,-85.63,-54.46,-31.18,14,21.4,-86.7,NO
2026-02-10 02:00,SOL,MOMENTUM,-62.75,-54.46,-8.29,12,33.3,-78.9,NO
2026-02-10 02:00,SOL,MOMENTUM_STRONG,25.6,-54.46,80.05,9,55.6,-62.1,YES
2026-02-10 02:00,SOL,COMBO_MACD_RSI,1.85,-54.46,56.31,6,50.0,-61.7,YES
2026-02-10 02:00,SOL,COMBO_BB_RSI,23.44,-54.46,77.89,11,45.5,-53.1,YES
2026-02-10 02:00,SOL,MEAN_REVERT,-94.76,-54.46,-40.31,35,34.3,-98.2,NO
2026-02-10 02:00,DOGE,RSI_EXTREME,-41.98,-59.16,17.18,16,43.8,-88.6,YES
2026-02-10 02:00,DOGE,RSI_MODERATE,-56.94,-59.16,2.22,14,28.6,-82.1,YES
2026-02-10 02:00,DOGE,RSI_REVERSAL,-81.2,-59.16,-22.04,9,22.2,-86.0,NO
2026-02-10 02:00,DOGE,SMA_CROSS,-86.55,-59.16,-27.39,6,33.3,-92.4,NO
2026-02-10 02:00,DOGE,SMA_TREND,-89.3,-59.16,-30.14,36,47.2,-94.8,NO
2026-02-10 02:00,DOGE,MACD_CROSS,-72.34,-59.16,-13.18,11,27.3,-87.6,NO
2026-02-10 02:00,DOGE,MACD_ZERO,-20.22,-59.16,38.94,3,33.3,-47.8,YES
2026-02-10 02:00,DOGE,MACD_HISTOGRAM,-72.34,-59.16,-13.18,11,27.3,-87.6,NO
2026-02-10 02:00,DOGE,BB_BOUNCE,4.23,-59.16,63.39,12,50.0,-67.8,YES
2026-02-10 02:00,DOGE,BB_BREAKOUT,-54.14,-59.16,5.02,8,37.5,-65.4,YES
2026-02-10 02:00,DOGE,TREND_RSI,-80.25,-59.16,-21.08,12,25.0,-84.1,NO
2026-02-10 02:00,DOGE,MOMENTUM,-90.14,-59.16,-30.98,14,50.0,-97.7,NO
2026-02-10 02:00,DOGE,MOMENTUM_STRONG,-97.91,-59.16,-38.75,10,30.0,-98.7,NO
2026-02-10 02:00,DOGE,COMBO_MACD_RSI,-9.12,-59.16,50.04,7,42.9,-72.0,YES
2026-02-10 02:00,DOGE,COMBO_BB_RSI,25.12,-59.16,84.28,12,50.0,-67.8,YES
2026-02-10 02:00,DOGE,MEAN_REVERT,-93.47,-59.16,-34.31,45,33.3,-98.3,NO
2026-02-10 02:00,LTC,RSI_EXTREME,-43.78,-55.38,11.6,13,46.2,-83.8,YES
2026-02-10 02:00,LTC,RSI_MODERATE,-65.89,-55.38,-10.51,6,16.7,-68.4,NO
2026-02-10 02:00,LTC,RSI_REVERSAL,8.89,-55.38,64.27,7,57.1,-51.3,YES
2026-02-10 02:00,LTC,SMA_CROSS,-89.51,-55.38,-34.13,9,33.3,-94.1,NO
2026-02-10 02:00,LTC,SMA_TREND,-88.41,-55.38,-33.03,28,39.3,-96.5,NO
2026-02-10 02:00,LTC,MACD_CROSS,-12.81,-55.38,42.58,8,37.5,-57.0,YES
2026-02-10 02:00,LTC,MACD_ZERO,-65.06,-55.38,-9.68,7,14.3,-75.4,NO
2026-02-10 02:00,LTC,MACD_HISTOGRAM,-12.81,-55.38,42.58,8,37.5,-57.0,YES
2026-02-10 02:00,LTC,BB_BOUNCE,-15.79,-55.38,39.59,8,62.5,-85.9,YES
2026-02-10 02:00,LTC,BB_BREAKOUT,-86.75,-55.38,-31.37,8,12.5,-88.8,NO
2026-02-10 02:00,LTC,TREND_RSI,223.92,-55.38,279.31,9,55.6,-26.9,YES
2026-02-10 02:00,LTC,MOMENTUM,-85.19,-55.38,-29.8,17,35.3,-96.3,NO
2026-02-10 02:00,LTC,MOMENTUM_STRONG,-71.64,-55.38,-16.26,13,30.8,-89.2,NO
2026-02-10 02:00,LTC,COMBO_MACD_RSI,-12.81,-55.38,42.58,8,37.5,-57.0,YES
2026-02-10 02:00,LTC,COMBO_BB_RSI,-62.9,-55.38,-7.52,6,50.0,-85.9,NO
2026-02-10 02:00,LTC,MEAN_REVERT,-44.78,-55.38,10.6,28,39.3,-91.9,YES
2026-02-10 02:00,XRP,RSI_EXTREME,-80.95,-53.9,-27.05,14,28.6,-93.6,NO
2026-02-10 02:00,XRP,RSI_MODERATE,-2.78,-53.9,51.12,10,40.0,-66.6,YES
2026-02-10 02:00,XRP,RSI_REVERSAL,-50.77,-53.9,3.13,6,16.7,-50.8,YES
2026-02-10 02:00,XRP,SMA_CROSS,-23.84,-53.9,30.07,8,37.5,-73.4,YES
2026-02-10 02:00,XRP,SMA_TREND,-82.54,-53.9,-28.63,28,46.4,-84.6,NO
2026-02-10 02:00,XRP,MACD_CROSS,-51.15,-53.9,2.76,11,36.4,-81.5,YES
2026-02-10 02:00,XRP,MACD_ZERO,26.14,-53.9,80.05,4,50.0,-40.7,YES
2026-02-10 02:00,XRP,MACD_HISTOGRAM,-51.15,-53.9,2.76,11,36.4,-81.5,YES
2026-02-10 02:00,XRP,BB_BOUNCE,21.77,-53.9,75.67,10,50.0,-65.6,YES
2026-02-10 02:00,XRP,BB_BREAKOUT,-88.0,-53.9,-34.09,6,33.3,-88.0,NO
2026-02-10 02:00,XRP,TREND_RSI,-44.41,-53.9,9.49,14,42.9,-72.1,YES
2026-02-10 02:00,XRP,MOMENTUM,-50.33,-53.9,3.57,15,40.0,-85.7,YES
2026-02-10 02:00,XRP,MOMENTUM_STRONG,44.69,-53.9,98.6,10,50.0,-61.4,YES
2026-02-10 02:00,XRP,COMBO_MACD_RSI,-24.14,-53.9,29.76,8,37.5,-79.3,YES
2026-02-10 02:00,XRP,COMBO_BB_RSI,21.77,-53.9,75.67,10,50.0,-65.6,YES
2026-02-10 02:00,XRP,MEAN_REVERT,-95.2,-53.9,-41.29,37,37.8,-97.0,NO
2026-02-10 02:00,MATIC,RSI_EXTREME,inf,-23.7,inf,1,100.0,0,YES
2026-02-10 02:00,MATIC,RSI_MODERATE,126.09,-23.7,149.79,3,66.7,-14.4,YES
2026-02-10 02:00,MATIC,RSI_REVERSAL,0.0,-23.7,23.7,1,0.0,0,YES
2026-02-10 02:00,MATIC,SMA_CROSS,-89.8,-23.7,-66.1,2,0.0,-90.4,NO
2026-02-10 02:00,MATIC,SMA_TREND,-inf,-23.7,-inf,7,42.9,-inf,NO
2026-02-10 02:00,MATIC,MACD_CROSS,-30.45,-23.7,-6.75,1,0.0,-30.7,NO
2026-02-10 02:00,MATIC,MACD_ZERO,0.0,-23.7,23.7,0,0,0,YES
2026-02-10 02:00,MATIC,MACD_HISTOGRAM,-30.45,-23.7,-6.75,1,0.0,-30.7,NO
2026-02-10 02:00,MATIC,BB_BOUNCE,inf,-23.7,inf,2,100.0,-0.3,YES
2026-02-10 02:00,MATIC,BB_BREAKOUT,-inf,-23.7,-inf,2,0.0,-inf,NO
2026-02-10 02:00,MATIC,TREND_RSI,102.56,-23.7,126.26,1,100.0,-5.2,YES
2026-02-10 02:00,MATIC,MOMENTUM,-30.45,-23.7,-6.75,1,0.0,-30.7,NO
2026-02-10 02:00,MATIC,MOMENTUM_STRONG,-44.12,-23.7,-20.43,2,0.0,-44.1,NO
2026-02-10 02:00,MATIC,COMBO_MACD_RSI,0.0,-23.7,23.7,0,0,0,YES
2026-02-10 02:00,MATIC,COMBO_BB_RSI,inf,-23.7,inf,2,100.0,-0.3,YES
2026-02-10 02:00,MATIC,MEAN_REVERT,-inf,-23.7,-inf,6,50.0,-inf,NO
2026-02-10 03:03,BTC,RSI_EXTREME,-40.69,-41.3,0.61,15,40.0,-81.6,YES
2026-02-10 03:03,BTC,RSI_MODERATE,-15.96,-41.3,25.34,7,42.9,-51.5,YES
2026-02-10 03:03,BTC,RSI_REVERSAL,29.42,-41.3,70.72,8,50.0,-40.2,YES
2026-02-10 03:03,BTC,SMA_CROSS,2.48,-41.3,43.78,8,37.5,-54.7,YES
2026-02-10 03:03,BTC,SMA_TREND,41.46,-41.3,82.76,18,50.0,-57.2,YES
2026-02-10 03:03,BTC,MACD_CROSS,38.27,-41.3,79.57,4,50.0,-35.1,YES
2026-02-10 03:03,BTC,MACD_ZERO,10.96,-41.3,52.26,3,33.3,-34.6,YES
2026-02-10 03:03,BTC,MACD_HISTOGRAM,38.27,-41.3,79.57,4,50.0,-35.1,YES
2026-02-10 03:03,BTC,BB_BOUNCE,-28.3,-41.3,13.0,9,44.4,-63.3,YES
2026-02-10 03:03,BTC,BB_BREAKOUT,112.69,-41.3,153.99,7,57.1,-36.8,YES
2026-02-10 03:03,BTC,TREND_RSI,-42.77,-41.3,-1.47,10,30.0,-67.7,NO
2026-02-10 03:03,BTC,MOMENTUM,-19.2,-41.3,22.1,12,33.3,-59.5,YES
2026-02-10 03:03,BTC,MOMENTUM_STRONG,-16.66,-41.3,24.64,5,40.0,-53.7,YES
2026-02-10 03:03,BTC,COMBO_MACD_RSI,37.81,-41.3,79.11,3,66.7,-26.1,YES
2026-02-10 03:03,BTC,COMBO_BB_RSI,-56.27,-41.3,-14.97,9,33.3,-74.8,NO
2026-02-10 03:03,BTC,MEAN_REVERT,-59.03,-41.3,-17.73,19,36.8,-81.7,NO
2026-02-10 03:03,ETH,RSI_EXTREME,-87.21,-54.72,-32.49,14,28.6,-91.6,NO
2026-02-10 03:03,ETH,RSI_MODERATE,35.69,-54.72,90.41,12,58.3,-51.7,YES
2026-02-10 03:03,ETH,RSI_REVERSAL,-48.75,-54.72,5.96,8,25.0,-57.8,YES
2026-02-10 03:03,ETH,SMA_CROSS,-60.09,-54.72,-5.38,8,25.0,-77.4,NO
2026-02-10 03:03,ETH,SMA_TREND,-48.36,-54.72,6.36,25,48.0,-79.8,YES
2026-02-10 03:03,ETH,MACD_CROSS,-54.88,-54.72,-0.16,8,25.0,-72.2,NO
2026-02-10 03:03,ETH,MACD_ZERO,-1.9,-54.72,52.81,4,50.0,-53.7,YES
2026-02-10 03:03,ETH,MACD_HISTOGRAM,-54.88,-54.72,-0.16,8,25.0,-72.2,NO
2026-02-10 03:03,ETH,BB_BOUNCE,-40.16,-54.72,14.55,9,33.3,-66.3,YES
2026-02-10 03:03,ETH,BB_BREAKOUT,-19.62,-54.72,35.1,7,57.1,-52.8,YES
2026-02-10 03:03,ETH,TREND_RSI,-73.11,-54.72,-18.39,14,28.6,-86.0,NO
2026-02-10 03:03,ETH,MOMENTUM,-66.24,-54.72,-11.53,10,30.0,-79.1,NO
2026-02-10 03:03,ETH,MOMENTUM_STRONG,-67.17,-54.72,-12.45,13,30.8,-85.0,NO
2026-02-10 03:03,ETH,COMBO_MACD_RSI,-53.63,-54.72,1.08,5,20.0,-66.4,YES
2026-02-10 03:03,ETH,COMBO_BB_RSI,-40.16,-54.72,14.55,9,33.3,-66.3,YES
2026-02-10 03:03,ETH,MEAN_REVERT,-86.09,-54.72,-31.37,33,39.4,-95.4,NO
2026-02-10 03:03,SOL,RSI_EXTREME,-88.61,-54.45,-34.16,21,33.3,-93.3,NO
2026-02-10 03:03,SOL,RSI_MODERATE,-25.63,-54.45,28.81,9,33.3,-74.9,YES
2026-02-10 03:03,SOL,RSI_REVERSAL,-56.64,-54.45,-2.2,8,25.0,-64.1,NO
2026-02-10 03:03,SOL,SMA_CROSS,-51.27,-54.45,3.17,10,40.0,-75.2,YES
2026-02-10 03:03,SOL,SMA_TREND,17.46,-54.45,71.91,33,48.5,-69.8,YES
2026-02-10 03:03,SOL,MACD_CROSS,-15.92,-54.45,38.52,6,50.0,-58.4,YES
2026-02-10 03:03,SOL,MACD_ZERO,100.45,-54.45,154.89,3,100.0,-14.1,YES
2026-02-10 03:03,SOL,MACD_HISTOGRAM,-15.92,-54.45,38.52,6,50.0,-58.4,YES
2026-02-10 03:03,SOL,BB_BOUNCE,-6.69,-54.45,47.76,12,41.7,-53.1,YES
2026-02-10 03:03,SOL,BB_BREAKOUT,0.82,-54.45,55.26,8,62.5,-46.2,YES
2026-02-10 03:03,SOL,TREND_RSI,-85.63,-54.45,-31.19,14,21.4,-86.7,NO
2026-02-10 03:03,SOL,MOMENTUM,-62.75,-54.45,-8.3,12,33.3,-78.9,NO
2026-02-10 03:03,SOL,MOMENTUM_STRONG,25.6,-54.45,80.04,9,55.6,-62.1,YES
2026-02-10 03:03,SOL,COMBO_MACD_RSI,1.85,-54.45,56.3,6,50.0,-61.7,YES
2026-02-10 03:03,SOL,COMBO_BB_RSI,23.44,-54.45,77.88,11,45.5,-53.1,YES
2026-02-10 03:03,SOL,MEAN_REVERT,-94.76,-54.45,-40.31,35,34.3,-98.2,NO
2026-02-10 03:03,DOGE,RSI_EXTREME,-40.93,-58.99,18.07,15,46.7,-88.6,YES
2026-02-10 03:03,DOGE,RSI_MODERATE,-56.94,-58.99,2.05,14,28.6,-82.1,YES
2026-02-10 03:03,DOGE,RSI_REVERSAL,-80.83,-58.99,-21.83,9,22.2,-85.7,NO
2026-02-10 03:03,DOGE,SMA_CROSS,-86.55,-58.99,-27.56,6,33.3,-92.4,NO
2026-02-10 03:03,DOGE,SMA_TREND,-89.44,-58.99,-30.44,36,47.2,-94.8,NO
2026-02-10 03:03,DOGE,MACD_CROSS,-72.34,-58.99,-13.35,11,27.3,-87.6,NO
2026-02-10 03:03,DOGE,MACD_ZERO,-20.22,-58.99,38.77,3,33.3,-47.8,YES
2026-02-10 03:03,DOGE,MACD_HISTOGRAM,-72.34,-58.99,-13.35,11,27.3,-87.6,NO
2026-02-10 03:03,DOGE,BB_BOUNCE,4.23,-58.99,63.22,12,50.0,-67.8,YES
2026-02-10 03:03,DOGE,BB_BREAKOUT,-54.14,-58.99,4.85,8,37.5,-65.4,YES
2026-02-10 03:03,DOGE,TREND_RSI,-80.25,-58.99,-21.25,12,25.0,-84.1,NO
2026-02-10 03:03,DOGE,MOMENTUM,-90.14,-58.99,-31.14,14,50.0,-97.7,NO
2026-02-10 03:03,DOGE,MOMENTUM_STRONG,-97.91,-58.99,-38.91,10,30.0,-98.7,NO
2026-02-10 03:03,DOGE,COMBO_MACD_RSI,-9.12,-58.99,49.87,7,42.9,-72.0,YES
2026-02-10 03:03,DOGE,COMBO_BB_RSI,25.12,-58.99,84.11,12,50.0,-67.8,YES
2026-02-10 03:03,DOGE,MEAN_REVERT,-93.34,-58.99,-34.35,45,33.3,-98.3,NO
2026-02-10 03:03,LTC,RSI_EXTREME,-43.44,-55.32,11.88,13,46.2,-83.8,YES
2026-02-10 03:03,LTC,RSI_MODERATE,-65.89,-55.32,-10.57,6,16.7,-68.4,NO
2026-02-10 03:03,LTC,RSI_REVERSAL,8.89,-55.32,64.21,7,57.1,-51.3,YES
2026-02-10 03:03,LTC,SMA_CROSS,-89.51,-55.32,-34.19,9,33.3,-94.1,NO
2026-02-10 03:03,LTC,SMA_TREND,-88.47,-55.32,-33.14,28,39.3,-96.5,NO
2026-02-10 03:03,LTC,MACD_CROSS,-12.81,-55.32,42.52,8,37.5,-57.0,YES
2026-02-10 03:03,LTC,MACD_ZERO,-65.06,-55.32,-9.74,7,14.3,-75.4,NO
2026-02-10 03:03,LTC,MACD_HISTOGRAM,-12.81,-55.32,42.52,8,37.5,-57.0,YES
2026-02-10 03:03,LTC,BB_BOUNCE,-15.79,-55.32,39.53,8,62.5,-85.9,YES
2026-02-10 03:03,LTC,BB_BREAKOUT,-86.75,-55.32,-31.43,8,12.5,-88.8,NO
2026-02-10 03:03,LTC,TREND_RSI,223.92,-55.32,279.25,9,55.6,-26.9,YES
2026-02-10 03:03,LTC,MOMENTUM,-85.19,-55.32,-29.86,17,35.3,-96.3,NO
2026-02-10 03:03,LTC,MOMENTUM_STRONG,-71.64,-55.32,-16.32,13,30.8,-89.2,NO
2026-02-10 03:03,LTC,COMBO_MACD_RSI,-12.81,-55.32,42.52,8,37.5,-57.0,YES
2026-02-10 03:03,LTC,COMBO_BB_RSI,-62.9,-55.32,-7.58,6,50.0,-85.9,NO
2026-02-10 03:03,LTC,MEAN_REVERT,-44.45,-55.32,10.87,28,39.3,-91.9,YES
2026-02-10 03:03,XRP,RSI_EXTREME,-80.8,-53.81,-26.99,14,28.6,-93.6,NO
2026-02-10 03:03,XRP,RSI_MODERATE,-2.78,-53.81,51.03,10,40.0,-66.6,YES
2026-02-10 03:03,XRP,RSI_REVERSAL,-50.34,-53.81,3.47,6,16.7,-50.3,YES
2026-02-10 03:03,XRP,SMA_CROSS,-23.84,-53.81,29.98,8,37.5,-73.4,YES
2026-02-10 03:03,XRP,SMA_TREND,-82.65,-53.81,-28.84,28,46.4,-84.6,NO
2026-02-10 03:03,XRP,MACD_CROSS,-51.15,-53.81,2.67,11,36.4,-81.5,YES
2026-02-10 03:03,XRP,MACD_ZERO,26.14,-53.81,79.96,4,50.0,-40.7,YES
2026-02-10 03:03,XRP,MACD_HISTOGRAM,-51.15,-53.81,2.67,11,36.4,-81.5,YES
2026-02-10 03:03,XRP,BB_BOUNCE,21.77,-53.81,75.58,10,50.0,-65.6,YES
2026-02-10 03:03,XRP,BB_BREAKOUT,-88.0,-53.81,-34.18,6,33.3,-88.0,NO
2026-02-10 03:03,XRP,TREND_RSI,-44.41,-53.81,9.4,14,42.9,-72.1,YES
2026-02-10 03:03,XRP,MOMENTUM,-50.33,-53.81,3.48,15,40.0,-85.7,YES
2026-02-10 03:03,XRP,MOMENTUM_STRONG,44.69,-53.81,98.51,10,50.0,-61.4,YES
2026-02-10 03:03,XRP,COMBO_MACD_RSI,-24.14,-53.81,29.67,8,37.5,-79.3,YES
2026-02-10 03:03,XRP,COMBO_BB_RSI,21.77,-53.81,75.58,10,50.0,-65.6,YES
2026-02-10 03:03,XRP,MEAN_REVERT,-95.16,-53.81,-41.34,37,37.8,-97.0,NO
2026-02-10 03:03,BNB,RSI_EXTREME,-71.62,-23.68,-47.94,15,33.3,-82.1,NO
2026-02-10 03:03,BNB,RSI_MODERATE,-46.32,-23.68,-22.64,8,37.5,-59.2,NO
2026-02-10 03:03,BNB,RSI_REVERSAL,-86.76,-23.68,-63.08,8,12.5,-90.3,NO
2026-02-10 03:03,BNB,SMA_CROSS,81.42,-23.68,105.1,5,60.0,-37.6,YES
2026-02-10 03:03,BNB,SMA_TREND,80.58,-23.68,104.26,26,53.8,-70.1,YES
2026-02-10 03:03,BNB,MACD_CROSS,12.6,-23.68,36.28,4,50.0,-46.9,YES
2026-02-10 03:03,BNB,MACD_ZERO,0.27,-23.68,23.94,3,33.3,-36.6,YES
2026-02-10 03:03,BNB,MACD_HISTOGRAM,12.6,-23.68,36.28,4,50.0,-46.9,YES
2026-02-10 03:03,BNB,BB_BOUNCE,-29.7,-23.68,-6.02,12,50.0,-61.6,NO
2026-02-10 03:03,BNB,BB_BREAKOUT,221.84,-23.68,245.51,7,71.4,-27.8,YES
2026-02-10 03:03,BNB,TREND_RSI,-78.43,-23.68,-54.75,10,20.0,-82.9,NO
2026-02-10 03:03,BNB,MOMENTUM,81.81,-23.68,105.48,11,54.5,-50.0,YES
2026-02-10 03:03,BNB,MOMENTUM_STRONG,55.64,-23.68,79.32,5,60.0,-33.3,YES
2026-02-10 03:03,BNB,COMBO_MACD_RSI,47.36,-23.68,71.04,5,60.0,-41.6,YES
2026-02-10 03:03,BNB,COMBO_BB_RSI,-29.7,-23.68,-6.02,12,50.0,-61.6,NO
2026-02-10 03:03,BNB,MEAN_REVERT,-90.4,-23.68,-66.72,30,36.7,-91.6,NO
2026-02-10 04:03,BTC,RSI_EXTREME,-39.87,-41.11,1.24,15,40.0,-81.6,YES
2026-02-10 04:03,BTC,RSI_MODERATE,-15.96,-41.11,25.15,7,42.9,-51.5,YES
2026-02-10 04:03,BTC,RSI_REVERSAL,31.2,-41.11,72.31,8,50.0,-40.2,YES
2026-02-10 04:03,BTC,SMA_CROSS,2.48,-41.11,43.59,8,37.5,-54.7,YES
2026-02-10 04:03,BTC,SMA_TREND,39.85,-41.11,80.97,18,50.0,-57.2,YES
2026-02-10 04:03,BTC,MACD_CROSS,38.27,-41.11,79.38,4,50.0,-35.1,YES
2026-02-10 04:03,BTC,MACD_ZERO,10.96,-41.11,52.08,3,33.3,-34.6,YES
2026-02-10 04:03,BTC,MACD_HISTOGRAM,38.27,-41.11,79.38,4,50.0,-35.1,YES
2026-02-10 04:03,BTC,BB_BOUNCE,-28.3,-41.11,12.82,9,44.4,-63.3,YES
2026-02-10 04:03,BTC,BB_BREAKOUT,112.69,-41.11,153.8,7,57.1,-36.8,YES
2026-02-10 04:03,BTC,TREND_RSI,-42.77,-41.11,-1.66,10,30.0,-67.7,NO
2026-02-10 04:03,BTC,MOMENTUM,-19.2,-41.11,21.91,12,33.3,-59.5,YES
2026-02-10 04:03,BTC,MOMENTUM_STRONG,-16.66,-41.11,24.45,5,40.0,-53.7,YES
2026-02-10 04:03,BTC,COMBO_MACD_RSI,37.81,-41.11,78.92,3,66.7,-26.1,YES
2026-02-10 04:03,BTC,COMBO_BB_RSI,-56.27,-41.11,-15.15,9,33.3,-74.8,NO
2026-02-10 04:03,BTC,MEAN_REVERT,-58.46,-41.11,-17.35,19,36.8,-81.7,NO
2026-02-10 04:03,ETH,RSI_EXTREME,-86.87,-54.45,-32.43,14,28.6,-91.6,NO
2026-02-10 04:03,ETH,RSI_MODERATE,35.69,-54.45,90.14,12,58.3,-51.7,YES
2026-02-10 04:03,ETH,RSI_REVERSAL,-47.35,-54.45,7.1,8,25.0,-57.8,YES
2026-02-10 04:03,ETH,SMA_CROSS,-60.09,-54.45,-5.65,8,25.0,-77.4,NO
2026-02-10 04:03,ETH,SMA_TREND,-49.44,-54.45,5.01,25,48.0,-79.8,YES
2026-02-10 04:03,ETH,MACD_CROSS,-54.88,-54.45,-0.43,8,25.0,-72.2,NO
2026-02-10 04:03,ETH,MACD_ZERO,-1.9,-54.45,52.54,4,50.0,-53.7,YES
2026-02-10 04:03,ETH,MACD_HISTOGRAM,-54.88,-54.45,-0.43,8,25.0,-72.2,NO
2026-02-10 04:03,ETH,BB_BOUNCE,-40.16,-54.45,14.28,9,33.3,-66.3,YES
2026-02-10 04:03,ETH,BB_BREAKOUT,-19.62,-54.45,34.83,7,57.1,-52.8,YES
2026-02-10 04:03,ETH,TREND_RSI,-73.11,-54.45,-18.66,14,28.6,-86.0,NO
2026-02-10 04:03,ETH,MOMENTUM,-66.24,-54.45,-11.79,10,30.0,-79.1,NO
2026-02-10 04:03,ETH,MOMENTUM_STRONG,-67.17,-54.45,-12.72,13,30.8,-85.0,NO
2026-02-10 04:03,ETH,COMBO_MACD_RSI,-53.63,-54.45,0.81,5,20.0,-66.4,YES
2026-02-10 04:03,ETH,COMBO_BB_RSI,-40.16,-54.45,14.28,9,33.3,-66.3,YES
2026-02-10 04:03,ETH,MEAN_REVERT,-85.73,-54.45,-31.28,33,39.4,-95.4,NO
2026-02-10 04:03,SOL,RSI_EXTREME,-88.56,-54.41,-34.16,21,33.3,-93.3,NO
2026-02-10 04:03,SOL,RSI_MODERATE,-25.63,-54.41,28.77,9,33.3,-74.9,YES
2026-02-10 04:03,SOL,RSI_REVERSAL,-56.64,-54.41,-2.23,8,25.0,-64.1,NO
2026-02-10 04:03,SOL,SMA_CROSS,-51.27,-54.41,3.14,10,40.0,-75.2,YES
2026-02-10 04:03,SOL,SMA_TREND,17.13,-54.41,71.53,33,48.5,-69.8,YES
2026-02-10 04:03,SOL,MACD_CROSS,-15.92,-54.41,38.48,6,50.0,-58.4,YES
2026-02-10 04:03,SOL,MACD_ZERO,100.45,-54.41,154.85,3,100.0,-14.1,YES
2026-02-10 04:03,SOL,MACD_HISTOGRAM,-15.92,-54.41,38.48,6,50.0,-58.4,YES
2026-02-10 04:03,SOL,BB_BOUNCE,-6.69,-54.41,47.72,12,41.7,-53.1,YES
2026-02-10 04:03,SOL,BB_BREAKOUT,0.82,-54.41,55.22,8,62.5,-46.2,YES
2026-02-10 04:03,SOL,TREND_RSI,-85.63,-54.41,-31.22,14,21.4,-86.7,NO
2026-02-10 04:03,SOL,MOMENTUM,-62.75,-54.41,-8.34,12,33.3,-78.9,NO
2026-02-10 04:03,SOL,MOMENTUM_STRONG,25.6,-54.41,80.0,9,55.6,-62.1,YES
2026-02-10 04:03,SOL,COMBO_MACD_RSI,1.85,-54.41,56.26,6,50.0,-61.7,YES
2026-02-10 04:03,SOL,COMBO_BB_RSI,23.44,-54.41,77.84,11,45.5,-53.1,YES
2026-02-10 04:03,SOL,MEAN_REVERT,-94.74,-54.41,-40.33,35,34.3,-98.2,NO
2026-02-10 04:03,DOGE,RSI_EXTREME,-40.32,-58.9,18.58,15,46.7,-88.6,YES
2026-02-10 04:03,DOGE,RSI_MODERATE,-56.94,-58.9,1.95,14,28.6,-82.1,YES
2026-02-10 04:03,DOGE,RSI_REVERSAL,-80.61,-58.9,-21.72,9,22.2,-85.6,NO
2026-02-10 04:03,DOGE,SMA_CROSS,-86.55,-58.9,-27.65,6,33.3,-92.4,NO
2026-02-10 04:03,DOGE,SMA_TREND,-89.51,-58.9,-30.62,36,47.2,-94.8,NO
2026-02-10 04:03,DOGE,MACD_CROSS,-72.34,-58.9,-13.44,11,27.3,-87.6,NO
2026-02-10 04:03,DOGE,MACD_ZERO,-20.22,-58.9,38.67,3,33.3,-47.8,YES
2026-02-10 04:03,DOGE,MACD_HISTOGRAM,-72.34,-58.9,-13.44,11,27.3,-87.6,NO
2026-02-10 04:03,DOGE,BB_BOUNCE,4.23,-58.9,63.12,12,50.0,-67.8,YES
2026-02-10 04:03,DOGE,BB_BREAKOUT,-54.14,-58.9,4.76,8,37.5,-65.4,YES
2026-02-10 04:03,DOGE,TREND_RSI,-80.25,-58.9,-21.35,12,25.0,-84.1,NO
2026-02-10 04:03,DOGE,MOMENTUM,-90.14,-58.9,-31.24,14,50.0,-97.7,NO
2026-02-10 04:03,DOGE,MOMENTUM_STRONG,-97.91,-58.9,-39.01,10,30.0,-98.7,NO
2026-02-10 04:03,DOGE,COMBO_MACD_RSI,-9.12,-58.9,49.78,7,42.9,-72.0,YES
2026-02-10 04:03,DOGE,COMBO_BB_RSI,25.12,-58.9,84.01,12,50.0,-67.8,YES
2026-02-10 04:03,DOGE,MEAN_REVERT,-93.27,-58.9,-34.37,45,33.3,-98.3,NO
2026-02-10 04:03,LTC,RSI_EXTREME,-41.69,-55.01,13.32,12,50.0,-83.8,YES
2026-02-10 04:03,LTC,RSI_MODERATE,-65.89,-55.01,-10.87,6,16.7,-68.4,NO
2026-02-10 04:03,LTC,RSI_REVERSAL,8.89,-55.01,63.9,7,57.1,-51.3,YES
2026-02-10 04:03,LTC,SMA_CROSS,-89.51,-55.01,-34.49,9,33.3,-94.1,NO
2026-02-10 04:03,LTC,SMA_TREND,-88.74,-55.01,-33.72,28,39.3,-96.5,NO
2026-02-10 04:03,LTC,MACD_CROSS,-12.81,-55.01,42.21,8,37.5,-57.0,YES
2026-02-10 04:03,LTC,MACD_ZERO,-65.06,-55.01,-10.05,7,14.3,-75.4,NO
2026-02-10 04:03,LTC,MACD_HISTOGRAM,-12.81,-55.01,42.21,8,37.5,-57.0,YES
2026-02-10 04:03,LTC,BB_BOUNCE,-15.79,-55.01,39.22,8,62.5,-85.9,YES
2026-02-10 04:03,LTC,BB_BREAKOUT,-86.75,-55.01,-31.74,8,12.5,-88.8,NO
2026-02-10 04:03,LTC,TREND_RSI,223.92,-55.01,278.94,9,55.6,-26.9,YES
2026-02-10 04:03,LTC,MOMENTUM,-85.19,-55.01,-30.17,17,35.3,-96.3,NO
2026-02-10 04:03,LTC,MOMENTUM_STRONG,-71.64,-55.01,-16.62,13,30.8,-89.2,NO
2026-02-10 04:03,LTC,COMBO_MACD_RSI,-12.81,-55.01,42.21,8,37.5,-57.0,YES
2026-02-10 04:03,LTC,COMBO_BB_RSI,-62.9,-55.01,-7.89,6,50.0,-85.9,NO
2026-02-10 04:03,LTC,MEAN_REVERT,-42.73,-55.01,12.28,27,40.7,-91.9,YES
2026-02-10 04:03,XRP,RSI_EXTREME,-80.39,-53.57,-26.82,14,35.7,-93.6,NO
2026-02-10 04:03,XRP,RSI_MODERATE,-2.78,-53.57,50.78,10,40.0,-66.6,YES
2026-02-10 04:03,XRP,RSI_REVERSAL,-49.16,-53.57,4.41,6,16.7,-49.7,YES
2026-02-10 04:03,XRP,SMA_CROSS,-23.84,-53.57,29.73,8,37.5,-73.4,YES
2026-02-10 04:03,XRP,SMA_TREND,-82.97,-53.57,-29.41,28,46.4,-84.6,NO
2026-02-10 04:03,XRP,MACD_CROSS,-51.15,-53.57,2.42,11,36.4,-81.5,YES
2026-02-10 04:03,XRP,MACD_ZERO,26.14,-53.57,79.71,4,50.0,-40.7,YES
2026-02-10 04:03,XRP,MACD_HISTOGRAM,-51.15,-53.57,2.42,11,36.4,-81.5,YES
2026-02-10 04:03,XRP,BB_BOUNCE,21.77,-53.57,75.33,10,50.0,-65.6,YES
2026-02-10 04:03,XRP,BB_BREAKOUT,-88.0,-53.57,-34.43,6,33.3,-88.0,NO
2026-02-10 04:03,XRP,TREND_RSI,-44.41,-53.57,9.15,14,42.9,-72.1,YES
2026-02-10 04:03,XRP,MOMENTUM,-50.33,-53.57,3.23,15,40.0,-85.7,YES
2026-02-10 04:03,XRP,MOMENTUM_STRONG,44.69,-53.57,98.26,10,50.0,-61.4,YES
2026-02-10 04:03,XRP,COMBO_MACD_RSI,-24.14,-53.57,29.42,8,37.5,-79.3,YES
2026-02-10 04:03,XRP,COMBO_BB_RSI,21.77,-53.57,75.33,10,50.0,-65.6,YES
2026-02-10 04:03,XRP,MEAN_REVERT,-95.04,-53.57,-41.47,36,38.9,-97.0,NO
2026-02-10 04:03,MATIC,RSI_EXTREME,inf,-23.7,inf,1,100.0,0,YES
2026-02-10 04:03,MATIC,RSI_MODERATE,126.09,-23.7,149.79,3,66.7,-14.4,YES
2026-02-10 04:03,MATIC,RSI_REVERSAL,0.0,-23.7,23.7,1,0.0,0,YES
2026-02-10 04:03,MATIC,SMA_CROSS,-89.8,-23.7,-66.1,2,0.0,-90.4,NO
2026-02-10 04:03,MATIC,SMA_TREND,-inf,-23.7,-inf,7,42.9,-inf,NO
2026-02-10 04:03,MATIC,MACD_CROSS,-30.45,-23.7,-6.75,1,0.0,-30.7,NO
2026-02-10 04:03,MATIC,MACD_ZERO,0.0,-23.7,23.7,0,0,0,YES
2026-02-10 04:03,MATIC,MACD_HISTOGRAM,-30.45,-23.7,-6.75,1,0.0,-30.7,NO
2026-02-10 04:03,MATIC,BB_BOUNCE,inf,-23.7,inf,2,100.0,-0.3,YES
2026-02-10 04:03,MATIC,BB_BREAKOUT,-inf,-23.7,-inf,2,0.0,-inf,NO
2026-02-10 04:03,MATIC,TREND_RSI,102.56,-23.7,126.26,1,100.0,-5.2,YES
2026-02-10 04:03,MATIC,MOMENTUM,-30.45,-23.7,-6.75,1,0.0,-30.7,NO
2026-02-10 04:03,MATIC,MOMENTUM_STRONG,-44.12,-23.7,-20.43,2,0.0,-44.1,NO
2026-02-10 04:03,MATIC,COMBO_MACD_RSI,0.0,-23.7,23.7,0,0,0,YES
2026-02-10 04:03,MATIC,COMBO_BB_RSI,inf,-23.7,inf,2,100.0,-0.3,YES
2026-02-10 04:03,MATIC,MEAN_REVERT,-inf,-23.7,-inf,6,50.0,-inf,NO
2026-02-10 05:01,BTC,RSI_EXTREME,-39.93,-41.13,1.2,15,40.0,-81.6,YES
2026-02-10 05:01,BTC,RSI_MODERATE,-15.96,-41.13,25.16,7,42.9,-51.5,YES
2026-02-10 05:01,BTC,RSI_REVERSAL,31.07,-41.13,72.2,8,50.0,-40.2,YES
2026-02-10 05:01,BTC,SMA_CROSS,2.48,-41.13,43.61,8,37.5,-54.7,YES
2026-02-10 05:01,BTC,SMA_TREND,39.97,-41.13,81.09,18,50.0,-57.2,YES
2026-02-10 05:01,BTC,MACD_CROSS,38.27,-41.13,79.39,4,50.0,-35.1,YES
2026-02-10 05:01,BTC,MACD_ZERO,10.96,-41.13,52.09,3,33.3,-34.6,YES
2026-02-10 05:01,BTC,MACD_HISTOGRAM,38.27,-41.13,79.39,4,50.0,-35.1,YES
2026-02-10 05:01,BTC,BB_BOUNCE,-28.3,-41.13,12.83,9,44.4,-63.3,YES
2026-02-10 05:01,BTC,BB_BREAKOUT,112.69,-41.13,153.81,7,57.1,-36.8,YES
2026-02-10 05:01,BTC,TREND_RSI,-42.77,-41.13,-1.65,10,30.0,-67.7,NO
2026-02-10 05:01,BTC,MOMENTUM,-19.2,-41.13,21.92,12,33.3,-59.5,YES
2026-02-10 05:01,BTC,MOMENTUM_STRONG,-16.66,-41.13,24.46,5,40.0,-53.7,YES
2026-02-10 05:01,BTC,COMBO_MACD_RSI,37.81,-41.13,78.93,3,66.7,-26.1,YES
2026-02-10 05:01,BTC,COMBO_BB_RSI,-56.27,-41.13,-15.14,9,33.3,-74.8,NO
2026-02-10 05:01,BTC,MEAN_REVERT,-58.5,-41.13,-17.38,19,36.8,-81.7,NO
2026-02-10 05:01,ETH,RSI_EXTREME,-86.97,-54.52,-32.44,14,28.6,-91.6,NO
2026-02-10 05:01,ETH,RSI_MODERATE,35.69,-54.52,90.21,12,58.3,-51.7,YES
2026-02-10 05:01,ETH,RSI_REVERSAL,-47.73,-54.52,6.79,8,25.0,-57.8,YES
2026-02-10 05:01,ETH,SMA_CROSS,-60.09,-54.52,-5.57,8,25.0,-77.4,NO
2026-02-10 05:01,ETH,SMA_TREND,-49.14,-54.52,5.38,25,48.0,-79.8,YES
2026-02-10 05:01,ETH,MACD_CROSS,-54.88,-54.52,-0.36,8,25.0,-72.2,NO
2026-02-10 05:01,ETH,MACD_ZERO,-1.9,-54.52,52.62,4,50.0,-53.7,YES
2026-02-10 05:01,ETH,MACD_HISTOGRAM,-54.88,-54.52,-0.36,8,25.0,-72.2,NO
2026-02-10 05:01,ETH,BB_BOUNCE,-40.16,-54.52,14.36,9,33.3,-66.3,YES
2026-02-10 05:01,ETH,BB_BREAKOUT,-19.62,-54.52,34.9,7,57.1,-52.8,YES
2026-02-10 05:01,ETH,TREND_RSI,-73.11,-54.52,-18.59,14,28.6,-86.0,NO
2026-02-10 05:01,ETH,MOMENTUM,-66.24,-54.52,-11.72,10,30.0,-79.1,NO
2026-02-10 05:01,ETH,MOMENTUM_STRONG,-67.17,-54.52,-12.65,13,30.8,-85.0,NO
2026-02-10 05:01,ETH,COMBO_MACD_RSI,-53.63,-54.52,0.89,5,20.0,-66.4,YES
2026-02-10 05:01,ETH,COMBO_BB_RSI,-40.16,-54.52,14.36,9,33.3,-66.3,YES
2026-02-10 05:01,ETH,MEAN_REVERT,-85.83,-54.52,-31.3,33,39.4,-95.4,NO
2026-02-10 05:01,SOL,RSI_EXTREME,-88.64,-54.48,-34.17,21,33.3,-93.3,NO
2026-02-10 05:01,SOL,RSI_MODERATE,-25.63,-54.48,28.84,9,33.3,-74.9,YES
2026-02-10 05:01,SOL,RSI_REVERSAL,-56.64,-54.48,-2.17,8,25.0,-64.1,NO
2026-02-10 05:01,SOL,SMA_CROSS,-51.27,-54.48,3.2,10,40.0,-75.2,YES
2026-02-10 05:01,SOL,SMA_TREND,17.73,-54.48,72.2,33,48.5,-69.8,YES
2026-02-10 05:01,SOL,MACD_CROSS,-15.92,-54.48,38.55,6,50.0,-58.4,YES
2026-02-10 05:01,SOL,MACD_ZERO,100.45,-54.48,154.92,3,100.0,-14.1,YES
2026-02-10 05:01,SOL,MACD_HISTOGRAM,-15.92,-54.48,38.55,6,50.0,-58.4,YES
2026-02-10 05:01,SOL,BB_BOUNCE,-6.69,-54.48,47.79,12,41.7,-53.1,YES
2026-02-10 05:01,SOL,BB_BREAKOUT,0.82,-54.48,55.29,8,62.5,-46.2,YES
2026-02-10 05:01,SOL,TREND_RSI,-85.63,-54.48,-31.16,14,21.4,-86.7,NO
2026-02-10 05:01,SOL,MOMENTUM,-62.75,-54.48,-8.27,12,33.3,-78.9,NO
2026-02-10 05:01,SOL,MOMENTUM_STRONG,25.6,-54.48,80.07,9,55.6,-62.1,YES
2026-02-10 05:01,SOL,COMBO_MACD_RSI,1.85,-54.48,56.33,6,50.0,-61.7,YES
2026-02-10 05:01,SOL,COMBO_BB_RSI,23.44,-54.48,77.91,11,45.5,-53.1,YES
2026-02-10 05:01,SOL,MEAN_REVERT,-94.77,-54.48,-40.3,35,34.3,-98.2,NO
2026-02-10 05:01,DOGE,RSI_EXTREME,-41.12,-59.02,17.91,15,46.7,-88.6,YES
2026-02-10 05:01,DOGE,RSI_MODERATE,-56.94,-59.02,2.08,14,28.6,-82.1,YES
2026-02-10 05:01,DOGE,RSI_REVERSAL,-80.9,-59.02,-21.87,9,22.2,-85.8,NO
2026-02-10 05:01,DOGE,SMA_CROSS,-86.55,-59.02,-27.53,6,33.3,-92.4,NO
2026-02-10 05:01,DOGE,SMA_TREND,-89.41,-59.02,-30.39,36,47.2,-94.8,NO
2026-02-10 05:01,DOGE,MACD_CROSS,-72.34,-59.02,-13.31,11,27.3,-87.6,NO
2026-02-10 05:01,DOGE,MACD_ZERO,-20.22,-59.02,38.8,3,33.3,-47.8,YES
2026-02-10 05:01,DOGE,MACD_HISTOGRAM,-72.34,-59.02,-13.31,11,27.3,-87.6,NO
2026-02-10 05:01,DOGE,BB_BOUNCE,4.23,-59.02,63.25,12,50.0,-67.8,YES
2026-02-10 05:01,DOGE,BB_BREAKOUT,-54.14,-59.02,4.88,8,37.5,-65.4,YES
2026-02-10 05:01,DOGE,TREND_RSI,-80.25,-59.02,-21.22,12,25.0,-84.1,NO
2026-02-10 05:01,DOGE,MOMENTUM,-90.14,-59.02,-31.11,14,50.0,-97.7,NO
2026-02-10 05:01,DOGE,MOMENTUM_STRONG,-97.91,-59.02,-38.88,10,30.0,-98.7,NO
2026-02-10 05:01,DOGE,COMBO_MACD_RSI,-9.12,-59.02,49.91,7,42.9,-72.0,YES
2026-02-10 05:01,DOGE,COMBO_BB_RSI,25.12,-59.02,84.14,12,50.0,-67.8,YES
2026-02-10 05:01,DOGE,MEAN_REVERT,-93.37,-59.02,-34.34,45,33.3,-98.3,NO
2026-02-10 05:01,LTC,RSI_EXTREME,-42.27,-55.12,12.85,13,46.2,-83.8,YES
2026-02-10 05:01,LTC,RSI_MODERATE,-65.89,-55.12,-10.77,6,16.7,-68.4,NO
2026-02-10 05:01,LTC,RSI_REVERSAL,8.89,-55.12,64.01,7,57.1,-51.3,YES
2026-02-10 05:01,LTC,SMA_CROSS,-89.51,-55.12,-34.39,9,33.3,-94.1,NO
2026-02-10 05:01,LTC,SMA_TREND,-88.65,-55.12,-33.53,28,39.3,-96.5,NO
2026-02-10 05:01,LTC,MACD_CROSS,-12.81,-55.12,42.31,8,37.5,-57.0,YES
2026-02-10 05:01,LTC,MACD_ZERO,-65.06,-55.12,-9.95,7,14.3,-75.4,NO
2026-02-10 05:01,LTC,MACD_HISTOGRAM,-12.81,-55.12,42.31,8,37.5,-57.0,YES
2026-02-10 05:01,LTC,BB_BOUNCE,-15.79,-55.12,39.33,8,62.5,-85.9,YES
2026-02-10 05:01,LTC,BB_BREAKOUT,-86.75,-55.12,-31.63,8,12.5,-88.8,NO
2026-02-10 05:01,LTC,TREND_RSI,223.92,-55.12,279.04,9,55.6,-26.9,YES
2026-02-10 05:01,LTC,MOMENTUM,-85.19,-55.12,-30.07,17,35.3,-96.3,NO
2026-02-10 05:01,LTC,MOMENTUM_STRONG,-71.64,-55.12,-16.52,13,30.8,-89.2,NO
2026-02-10 05:01,LTC,COMBO_MACD_RSI,-12.81,-55.12,42.31,8,37.5,-57.0,YES
2026-02-10 05:01,LTC,COMBO_BB_RSI,-62.9,-55.12,-7.78,6,50.0,-85.9,NO
2026-02-10 05:01,LTC,MEAN_REVERT,-43.3,-55.12,11.82,28,39.3,-91.9,YES
2026-02-10 05:01,XRP,RSI_EXTREME,-80.87,-53.85,-27.02,14,28.6,-93.6,NO
2026-02-10 05:01,XRP,RSI_MODERATE,-2.78,-53.85,51.07,10,40.0,-66.6,YES
2026-02-10 05:01,XRP,RSI_REVERSAL,-50.54,-53.85,3.32,6,16.7,-50.5,YES
2026-02-10 05:01,XRP,SMA_CROSS,-23.84,-53.85,30.02,8,37.5,-73.4,YES
2026-02-10 05:01,XRP,SMA_TREND,-82.6,-53.85,-28.74,28,46.4,-84.6,NO
2026-02-10 05:01,XRP,MACD_CROSS,-51.15,-53.85,2.71,11,36.4,-81.5,YES
2026-02-10 05:01,XRP,MACD_ZERO,26.14,-53.85,80.0,4,50.0,-40.7,YES
2026-02-10 05:01,XRP,MACD_HISTOGRAM,-51.15,-53.85,2.71,11,36.4,-81.5,YES
2026-02-10 05:01,XRP,BB_BOUNCE,21.77,-53.85,75.62,10,50.0,-65.6,YES
2026-02-10 05:01,XRP,BB_BREAKOUT,-88.0,-53.85,-34.14,6,33.3,-88.0,NO
2026-02-10 05:01,XRP,TREND_RSI,-44.41,-53.85,9.44,14,42.9,-72.1,YES
2026-02-10 05:01,XRP,MOMENTUM,-50.33,-53.85,3.52,15,40.0,-85.7,YES
2026-02-10 05:01,XRP,MOMENTUM_STRONG,44.69,-53.85,98.55,10,50.0,-61.4,YES
2026-02-10 05:01,XRP,COMBO_MACD_RSI,-24.14,-53.85,29.71,8,37.5,-79.3,YES
2026-02-10 05:01,XRP,COMBO_BB_RSI,21.77,-53.85,75.62,10,50.0,-65.6,YES
2026-02-10 05:01,XRP,MEAN_REVERT,-95.17,-53.85,-41.32,37,37.8,-97.0,NO
2026-02-10 05:01,BNB,RSI_EXTREME,-71.99,-23.92,-48.07,15,33.3,-82.1,NO
2026-02-10 05:01,BNB,RSI_MODERATE,-46.32,-23.92,-22.4,8,37.5,-59.2,NO
2026-02-10 05:01,BNB,RSI_REVERSAL,-86.76,-23.92,-62.84,8,12.5,-90.3,NO
2026-02-10 05:01,BNB,SMA_CROSS,81.42,-23.92,105.34,5,60.0,-37.6,YES
2026-02-10 05:01,BNB,SMA_TREND,82.51,-23.92,106.44,26,53.8,-70.1,YES
2026-02-10 05:01,BNB,MACD_CROSS,12.6,-23.92,36.52,4,50.0,-46.9,YES
2026-02-10 05:01,BNB,MACD_ZERO,0.27,-23.92,24.19,3,33.3,-36.6,YES
2026-02-10 05:01,BNB,MACD_HISTOGRAM,12.6,-23.92,36.52,4,50.0,-46.9,YES
2026-02-10 05:01,BNB,BB_BOUNCE,-29.7,-23.92,-5.78,12,50.0,-61.6,NO
2026-02-10 05:01,BNB,BB_BREAKOUT,221.84,-23.92,245.76,7,71.4,-27.8,YES
2026-02-10 05:01,BNB,TREND_RSI,-78.43,-23.92,-54.5,10,20.0,-82.9,NO
2026-02-10 05:01,BNB,MOMENTUM,81.81,-23.92,105.73,11,54.5,-50.0,YES
2026-02-10 05:01,BNB,MOMENTUM_STRONG,55.64,-23.92,79.57,5,60.0,-33.3,YES
2026-02-10 05:01,BNB,COMBO_MACD_RSI,47.36,-23.92,71.29,5,60.0,-41.6,YES
2026-02-10 05:01,BNB,COMBO_BB_RSI,-29.7,-23.92,-5.78,12,50.0,-61.6,NO
2026-02-10 05:01,BNB,MEAN_REVERT,-90.53,-23.92,-66.6,30,36.7,-91.6,NO
2026-02-10 05:01,MATIC,RSI_EXTREME,inf,-23.7,inf,1,100.0,0,YES
2026-02-10 05:01,MATIC,RSI_MODERATE,126.09,-23.7,149.79,3,66.7,-14.4,YES
2026-02-10 05:01,MATIC,RSI_REVERSAL,0.0,-23.7,23.7,1,0.0,0,YES
2026-02-10 05:01,MATIC,SMA_CROSS,-89.8,-23.7,-66.1,2,0.0,-90.4,NO
2026-02-10 05:01,MATIC,SMA_TREND,-inf,-23.7,-inf,7,42.9,-inf,NO
2026-02-10 05:01,MATIC,MACD_CROSS,-30.45,-23.7,-6.75,1,0.0,-30.7,NO
2026-02-10 05:01,MATIC,MACD_ZERO,0.0,-23.7,23.7,0,0,0,YES
2026-02-10 05:01,MATIC,MACD_HISTOGRAM,-30.45,-23.7,-6.75,1,0.0,-30.7,NO
2026-02-10 05:01,MATIC,BB_BOUNCE,inf,-23.7,inf,2,100.0,-0.3,YES
2026-02-10 05:01,MATIC,BB_BREAKOUT,-inf,-23.7,-inf,2,0.0,-inf,NO
2026-02-10 05:01,MATIC,TREND_RSI,102.56,-23.7,126.26,1,100.0,-5.2,YES
2026-02-10 05:01,MATIC,MOMENTUM,-30.45,-23.7,-6.75,1,0.0,-30.7,NO
2026-02-10 05:01,MATIC,MOMENTUM_STRONG,-44.12,-23.7,-20.43,2,0.0,-44.1,NO
2026-02-10 05:01,MATIC,COMBO_MACD_RSI,0.0,-23.7,23.7,0,0,0,YES
2026-02-10 05:01,MATIC,COMBO_BB_RSI,inf,-23.7,inf,2,100.0,-0.3,YES
2026-02-10 05:01,MATIC,MEAN_REVERT,-inf,-23.7,-inf,6,50.0,-inf,NO
2026-02-10 07:04,BTC,RSI_EXTREME,-41.44,-41.47,0.04,15,40.0,-81.6,YES
2026-02-10 07:04,BTC,RSI_MODERATE,-15.96,-41.47,25.51,7,42.9,-51.5,YES
2026-02-10 07:04,BTC,RSI_REVERSAL,27.78,-41.47,69.25,8,50.0,-40.2,YES
2026-02-10 07:04,BTC,SMA_CROSS,2.48,-41.47,43.95,8,37.5,-54.7,YES
2026-02-10 07:04,BTC,SMA_TREND,42.95,-41.47,84.42,18,50.0,-57.2,YES
2026-02-10 07:04,BTC,MACD_CROSS,38.27,-41.47,79.74,4,50.0,-35.1,YES
2026-02-10 07:04,BTC,MACD_ZERO,10.96,-41.47,52.43,3,33.3,-34.6,YES
2026-02-10 07:04,BTC,MACD_HISTOGRAM,38.27,-41.47,79.74,4,50.0,-35.1,YES
2026-02-10 07:04,BTC,BB_BOUNCE,-28.3,-41.47,13.17,9,44.4,-63.3,YES
2026-02-10 07:04,BTC,BB_BREAKOUT,112.69,-41.47,154.16,7,57.1,-36.8,YES
2026-02-10 07:04,BTC,TREND_RSI,-42.77,-41.47,-1.3,10,30.0,-67.7,NO
2026-02-10 07:04,BTC,MOMENTUM,-19.2,-41.47,22.27,12,33.3,-59.5,YES
2026-02-10 07:04,BTC,MOMENTUM_STRONG,-16.66,-41.47,24.81,5,40.0,-53.7,YES
2026-02-10 07:04,BTC,COMBO_MACD_RSI,37.81,-41.47,79.28,3,66.7,-26.1,YES
2026-02-10 07:04,BTC,COMBO_BB_RSI,-56.27,-41.47,-14.79,9,33.3,-74.8,NO
2026-02-10 07:04,BTC,MEAN_REVERT,-59.54,-41.47,-18.07,19,36.8,-81.7,NO
2026-02-10 07:04,ETH,RSI_EXTREME,-87.14,-54.66,-32.48,14,28.6,-91.6,NO
2026-02-10 07:04,ETH,RSI_MODERATE,35.69,-54.66,90.35,12,58.3,-51.7,YES
2026-02-10 07:04,ETH,RSI_REVERSAL,-48.47,-54.66,6.19,8,25.0,-57.8,YES
2026-02-10 07:04,ETH,SMA_CROSS,-60.09,-54.66,-5.43,8,25.0,-77.4,NO
2026-02-10 07:04,ETH,SMA_TREND,-48.58,-54.66,6.09,25,48.0,-79.8,YES
2026-02-10 07:04,ETH,MACD_CROSS,-54.88,-54.66,-0.22,8,25.0,-72.2,NO
2026-02-10 07:04,ETH,MACD_ZERO,-1.9,-54.66,52.76,4,50.0,-53.7,YES
2026-02-10 07:04,ETH,MACD_HISTOGRAM,-54.88,-54.66,-0.22,8,25.0,-72.2,NO
2026-02-10 07:04,ETH,BB_BOUNCE,-40.16,-54.66,14.5,9,33.3,-66.3,YES
2026-02-10 07:04,ETH,BB_BREAKOUT,-19.62,-54.66,35.04,7,57.1,-52.8,YES
2026-02-10 07:04,ETH,TREND_RSI,-73.11,-54.66,-18.45,14,28.6,-86.0,NO
2026-02-10 07:04,ETH,MOMENTUM,-66.24,-54.66,-11.58,10,30.0,-79.1,NO
2026-02-10 07:04,ETH,MOMENTUM_STRONG,-67.17,-54.66,-12.51,13,30.8,-85.0,NO
2026-02-10 07:04,ETH,COMBO_MACD_RSI,-53.63,-54.66,1.03,5,20.0,-66.4,YES
2026-02-10 07:04,ETH,COMBO_BB_RSI,-40.16,-54.66,14.5,9,33.3,-66.3,YES
2026-02-10 07:04,ETH,MEAN_REVERT,-86.01,-54.66,-31.35,33,39.4,-95.4,NO
2026-02-10 07:04,LTC,RSI_EXTREME,-43.5,-55.33,11.84,13,46.2,-83.8,YES
2026-02-10 07:04,LTC,RSI_MODERATE,-65.89,-55.33,-10.56,6,16.7,-68.4,NO
2026-02-10 07:04,LTC,RSI_REVERSAL,8.89,-55.33,64.22,7,57.1,-51.3,YES
2026-02-10 07:04,LTC,SMA_CROSS,-89.51,-55.33,-34.18,9,33.3,-94.1,NO
2026-02-10 07:04,LTC,SMA_TREND,-88.46,-55.33,-33.13,28,39.3,-96.5,NO
2026-02-10 07:04,LTC,MACD_CROSS,-12.81,-55.33,42.53,8,37.5,-57.0,YES
2026-02-10 07:04,LTC,MACD_ZERO,-65.06,-55.33,-9.73,7,14.3,-75.4,NO
2026-02-10 07:04,LTC,MACD_HISTOGRAM,-12.81,-55.33,42.53,8,37.5,-57.0,YES
2026-02-10 07:04,LTC,BB_BOUNCE,-15.79,-55.33,39.54,8,62.5,-85.9,YES
2026-02-10 07:04,LTC,BB_BREAKOUT,-86.75,-55.33,-31.42,8,12.5,-88.8,NO
2026-02-10 07:04,LTC,TREND_RSI,223.92,-55.33,279.26,9,55.6,-26.9,YES
2026-02-10 07:04,LTC,MOMENTUM,-85.19,-55.33,-29.85,17,35.3,-96.3,NO
2026-02-10 07:04,LTC,MOMENTUM_STRONG,-71.64,-55.33,-16.31,13,30.8,-89.2,NO
2026-02-10 07:04,LTC,COMBO_MACD_RSI,-12.81,-55.33,42.53,8,37.5,-57.0,YES
2026-02-10 07:04,LTC,COMBO_BB_RSI,-62.9,-55.33,-7.57,6,50.0,-85.9,NO
2026-02-10 07:04,LTC,MEAN_REVERT,-44.5,-55.33,10.83,28,39.3,-91.9,YES
2026-02-10 08:01,BTC,RSI_EXTREME,-41.95,-41.59,-0.36,15,40.0,-81.6,NO
2026-02-10 08:01,BTC,RSI_MODERATE,-15.96,-41.59,25.63,7,42.9,-51.5,YES
2026-02-10 08:01,BTC,RSI_REVERSAL,26.66,-41.59,68.25,8,50.0,-40.2,YES
2026-02-10 08:01,BTC,SMA_CROSS,2.48,-41.59,44.07,8,37.5,-54.7,YES
2026-02-10 08:01,BTC,SMA_TREND,43.96,-41.59,85.55,18,50.0,-57.2,YES
2026-02-10 08:01,BTC,MACD_CROSS,38.27,-41.59,79.86,4,50.0,-35.1,YES
2026-02-10 08:01,BTC,MACD_ZERO,10.96,-41.59,52.55,3,33.3,-34.6,YES
2026-02-10 08:01,BTC,MACD_HISTOGRAM,38.27,-41.59,79.86,4,50.0,-35.1,YES
2026-02-10 08:01,BTC,BB_BOUNCE,-28.3,-41.59,13.29,9,44.4,-63.3,YES
2026-02-10 08:01,BTC,BB_BREAKOUT,112.69,-41.59,154.28,7,57.1,-36.8,YES
2026-02-10 08:01,BTC,TREND_RSI,-42.77,-41.59,-1.18,10,30.0,-67.7,NO
2026-02-10 08:01,BTC,MOMENTUM,-19.2,-41.59,22.39,12,33.3,-59.5,YES
2026-02-10 08:01,BTC,MOMENTUM_STRONG,-16.66,-41.59,24.93,5,40.0,-53.7,YES
2026-02-10 08:01,BTC,COMBO_MACD_RSI,37.81,-41.59,79.4,3,66.7,-26.1,YES
2026-02-10 08:01,BTC,COMBO_BB_RSI,-56.27,-41.59,-14.68,9,33.3,-74.8,NO
2026-02-10 08:01,BTC,MEAN_REVERT,-59.9,-41.59,-18.31,19,36.8,-81.7,NO
2026-02-10 08:01,MATIC,RSI_EXTREME,inf,-23.7,inf,1,100.0,0,YES
2026-02-10 08:01,MATIC,RSI_MODERATE,126.09,-23.7,149.79,3,66.7,-14.4,YES
2026-02-10 08:01,MATIC,RSI_REVERSAL,0.0,-23.7,23.7,1,0.0,0,YES
2026-02-10 08:01,MATIC,SMA_CROSS,-89.8,-23.7,-66.1,2,0.0,-90.4,NO
2026-02-10 08:01,MATIC,SMA_TREND,-inf,-23.7,-inf,7,42.9,-inf,NO
2026-02-10 08:01,MATIC,MACD_CROSS,-30.45,-23.7,-6.75,1,0.0,-30.7,NO
2026-02-10 08:01,MATIC,MACD_ZERO,0.0,-23.7,23.7,0,0,0,YES
2026-02-10 08:01,MATIC,MACD_HISTOGRAM,-30.45,-23.7,-6.75,1,0.0,-30.7,NO
2026-02-10 08:01,MATIC,BB_BOUNCE,inf,-23.7,inf,2,100.0,-0.3,YES
2026-02-10 08:01,MATIC,BB_BREAKOUT,-inf,-23.7,-inf,2,0.0,-inf,NO
2026-02-10 08:01,MATIC,TREND_RSI,102.56,-23.7,126.26,1,100.0,-5.2,YES
2026-02-10 08:01,MATIC,MOMENTUM,-30.45,-23.7,-6.75,1,0.0,-30.7,NO
2026-02-10 08:01,MATIC,MOMENTUM_STRONG,-44.12,-23.7,-20.43,2,0.0,-44.1,NO
2026-02-10 08:01,MATIC,COMBO_MACD_RSI,0.0,-23.7,23.7,0,0,0,YES
2026-02-10 08:01,MATIC,COMBO_BB_RSI,inf,-23.7,inf,2,100.0,-0.3,YES
2026-02-10 08:01,MATIC,MEAN_REVERT,-inf,-23.7,-inf,6,50.0,-inf,NO
2026-02-10 09:01,BTC,RSI_EXTREME,-40.31,-41.21,0.9,15,40.0,-81.6,YES
2026-02-10 09:01,BTC,RSI_MODERATE,-15.96,-41.21,25.25,7,42.9,-51.5,YES
2026-02-10 09:01,BTC,RSI_REVERSAL,30.24,-41.21,71.45,8,50.0,-40.2,YES
2026-02-10 09:01,BTC,SMA_CROSS,2.48,-41.21,43.7,8,37.5,-54.7,YES
2026-02-10 09:01,BTC,SMA_TREND,40.72,-41.21,81.94,18,50.0,-57.2,YES
2026-02-10 09:01,BTC,MACD_CROSS,38.27,-41.21,79.48,4,50.0,-35.1,YES
2026-02-10 09:01,BTC,MACD_ZERO,10.96,-41.21,52.18,3,33.3,-34.6,YES
2026-02-10 09:01,BTC,MACD_HISTOGRAM,38.27,-41.21,79.48,4,50.0,-35.1,YES
2026-02-10 09:01,BTC,BB_BOUNCE,-28.3,-41.21,12.92,9,44.4,-63.3,YES
2026-02-10 09:01,BTC,BB_BREAKOUT,112.69,-41.21,153.9,7,57.1,-36.8,YES
2026-02-10 09:01,BTC,TREND_RSI,-42.77,-41.21,-1.56,10,30.0,-67.7,NO
2026-02-10 09:01,BTC,MOMENTUM,-19.2,-41.21,22.01,12,33.3,-59.5,YES
2026-02-10 09:01,BTC,MOMENTUM_STRONG,-16.66,-41.21,24.55,5,40.0,-53.7,YES
2026-02-10 09:01,BTC,COMBO_MACD_RSI,37.81,-41.21,79.02,3,66.7,-26.1,YES
2026-02-10 09:01,BTC,COMBO_BB_RSI,-56.27,-41.21,-15.05,9,33.3,-74.8,NO
2026-02-10 09:01,BTC,MEAN_REVERT,-58.77,-41.21,-17.55,19,36.8,-81.7,NO
2026-02-10 09:01,ETH,RSI_EXTREME,-86.8,-54.39,-32.41,14,28.6,-91.6,NO
2026-02-10 09:01,ETH,RSI_MODERATE,35.69,-54.39,90.08,12,58.3,-51.7,YES
2026-02-10 09:01,ETH,RSI_REVERSAL,-47.04,-54.39,7.34,8,25.0,-57.8,YES
2026-02-10 09:01,ETH,SMA_CROSS,-60.09,-54.39,-5.7,8,25.0,-77.4,NO
2026-02-10 09:01,ETH,SMA_TREND,-49.67,-54.39,4.72,25,48.0,-79.8,YES
2026-02-10 09:01,ETH,MACD_CROSS,-54.88,-54.39,-0.49,8,25.0,-72.2,NO
2026-02-10 09:01,ETH,MACD_ZERO,-1.9,-54.39,52.49,4,50.0,-53.7,YES
2026-02-10 09:01,ETH,MACD_HISTOGRAM,-54.88,-54.39,-0.49,8,25.0,-72.2,NO
2026-02-10 09:01,ETH,BB_BOUNCE,-40.16,-54.39,14.23,9,33.3,-66.3,YES
2026-02-10 09:01,ETH,BB_BREAKOUT,-19.62,-54.39,34.77,7,57.1,-52.8,YES
2026-02-10 09:01,ETH,TREND_RSI,-73.11,-54.39,-18.72,14,28.6,-86.0,NO
2026-02-10 09:01,ETH,MOMENTUM,-66.24,-54.39,-11.85,10,30.0,-79.1,NO
2026-02-10 09:01,ETH,MOMENTUM_STRONG,-67.17,-54.39,-12.78,13,30.8,-85.0,NO
2026-02-10 09:01,ETH,COMBO_MACD_RSI,-53.63,-54.39,0.76,5,20.0,-66.4,YES
2026-02-10 09:01,ETH,COMBO_BB_RSI,-40.16,-54.39,14.23,9,33.3,-66.3,YES
2026-02-10 09:01,ETH,MEAN_REVERT,-85.65,-54.39,-31.26,33,39.4,-95.4,NO
2026-02-10 09:01,BNB,RSI_EXTREME,-72.88,-24.51,-48.37,15,33.3,-82.1,NO
2026-02-10 09:01,BNB,RSI_MODERATE,-46.32,-24.51,-21.82,8,37.5,-59.2,NO
2026-02-10 09:01,BNB,RSI_REVERSAL,-86.76,-24.51,-62.25,8,12.5,-90.3,NO
2026-02-10 09:01,BNB,SMA_CROSS,81.42,-24.51,105.92,5,60.0,-37.6,YES
2026-02-10 09:01,BNB,SMA_TREND,87.08,-24.51,111.59,26,53.8,-70.1,YES
2026-02-10 09:01,BNB,MACD_CROSS,12.6,-24.51,37.11,4,50.0,-46.9,YES
2026-02-10 09:01,BNB,MACD_ZERO,0.27,-24.51,24.77,3,33.3,-36.6,YES
2026-02-10 09:01,BNB,MACD_HISTOGRAM,12.6,-24.51,37.11,4,50.0,-46.9,YES
2026-02-10 09:01,BNB,BB_BOUNCE,-29.7,-24.51,-5.19,12,50.0,-61.6,NO
2026-02-10 09:01,BNB,BB_BREAKOUT,221.84,-24.51,246.34,7,71.4,-27.8,YES
2026-02-10 09:01,BNB,TREND_RSI,-78.43,-24.51,-53.92,10,20.0,-82.9,NO
2026-02-10 09:01,BNB,MOMENTUM,81.81,-24.51,106.31,11,54.5,-50.0,YES
2026-02-10 09:01,BNB,MOMENTUM_STRONG,55.64,-24.51,80.15,5,60.0,-33.3,YES
2026-02-10 09:01,BNB,COMBO_MACD_RSI,47.36,-24.51,71.87,5,60.0,-41.6,YES
2026-02-10 09:01,BNB,COMBO_BB_RSI,-29.7,-24.51,-5.19,12,50.0,-61.6,NO
2026-02-10 09:01,BNB,MEAN_REVERT,-90.83,-24.51,-66.32,30,36.7,-91.6,NO
2026-02-10 10:01,BTC,RSI_EXTREME,-42.46,-41.71,-0.75,16,37.5,-81.6,NO
2026-02-10 10:01,BTC,RSI_MODERATE,-15.96,-41.71,25.74,7,42.9,-51.5,YES
2026-02-10 10:01,BTC,RSI_REVERSAL,25.55,-41.71,67.26,8,50.0,-40.2,YES
2026-02-10 10:01,BTC,SMA_CROSS,2.48,-41.71,44.19,8,37.5,-54.7,YES
2026-02-10 10:01,BTC,SMA_TREND,44.97,-41.71,86.67,18,50.0,-57.2,YES
2026-02-10 10:01,BTC,MACD_CROSS,38.27,-41.71,79.97,4,50.0,-35.1,YES
2026-02-10 10:01,BTC,MACD_ZERO,10.96,-41.71,52.67,3,33.3,-34.6,YES
2026-02-10 10:01,BTC,MACD_HISTOGRAM,38.27,-41.71,79.97,4,50.0,-35.1,YES
2026-02-10 10:01,BTC,BB_BOUNCE,-28.3,-41.71,13.41,9,44.4,-63.3,YES
2026-02-10 10:01,BTC,BB_BREAKOUT,112.69,-41.71,154.39,7,57.1,-36.8,YES
2026-02-10 10:01,BTC,TREND_RSI,-42.77,-41.71,-1.07,10,30.0,-67.7,NO
2026-02-10 10:01,BTC,MOMENTUM,-19.2,-41.71,22.5,12,33.3,-59.5,YES
2026-02-10 10:01,BTC,MOMENTUM_STRONG,-16.66,-41.71,25.05,5,40.0,-53.7,YES
2026-02-10 10:01,BTC,COMBO_MACD_RSI,37.81,-41.71,79.52,3,66.7,-26.1,YES
2026-02-10 10:01,BTC,COMBO_BB_RSI,-56.27,-41.71,-14.56,9,33.3,-74.8,NO
2026-02-10 10:01,BTC,MEAN_REVERT,-60.25,-41.71,-18.54,20,35.0,-81.7,NO
2026-02-10 10:01,ETH,RSI_EXTREME,-87.16,-54.68,-32.48,14,28.6,-91.6,NO
2026-02-10 10:01,ETH,RSI_MODERATE,35.69,-54.68,90.37,12,58.3,-51.7,YES
2026-02-10 10:01,ETH,RSI_REVERSAL,-48.55,-54.68,6.13,8,25.0,-57.8,YES
2026-02-10 10:01,ETH,SMA_CROSS,-60.09,-54.68,-5.41,8,25.0,-77.4,NO
2026-02-10 10:01,ETH,SMA_TREND,-48.51,-54.68,6.17,25,48.0,-79.8,YES
2026-02-10 10:01,ETH,MACD_CROSS,-54.88,-54.68,-0.2,8,25.0,-72.2,NO
2026-02-10 10:01,ETH,MACD_ZERO,-1.9,-54.68,52.78,4,50.0,-53.7,YES
2026-02-10 10:01,ETH,MACD_HISTOGRAM,-54.88,-54.68,-0.2,8,25.0,-72.2,NO
2026-02-10 10:01,ETH,BB_BOUNCE,-40.16,-54.68,14.52,9,33.3,-66.3,YES
2026-02-10 10:01,ETH,BB_BREAKOUT,-19.62,-54.68,35.06,7,57.1,-52.8,YES
2026-02-10 10:01,ETH,TREND_RSI,-73.11,-54.68,-18.43,14,28.6,-86.0,NO
2026-02-10 10:01,ETH,MOMENTUM,-66.24,-54.68,-11.56,10,30.0,-79.1,NO
2026-02-10 10:01,ETH,MOMENTUM_STRONG,-67.17,-54.68,-12.49,13,30.8,-85.0,NO
2026-02-10 10:01,ETH,COMBO_MACD_RSI,-53.63,-54.68,1.05,5,20.0,-66.4,YES
2026-02-10 10:01,ETH,COMBO_BB_RSI,-40.16,-54.68,14.52,9,33.3,-66.3,YES
2026-02-10 10:01,ETH,MEAN_REVERT,-86.04,-54.68,-31.36,33,39.4,-95.4,NO
2026-02-10 10:01,SOL,RSI_EXTREME,-89.1,-54.89,-34.22,21,33.3,-93.3,NO
2026-02-10 10:01,SOL,RSI_MODERATE,-25.63,-54.89,29.25,9,33.3,-74.9,YES
2026-02-10 10:01,SOL,RSI_REVERSAL,-56.64,-54.89,-1.75,8,25.0,-64.1,NO
2026-02-10 10:01,SOL,SMA_CROSS,-51.27,-54.89,3.62,10,40.0,-75.2,YES
2026-02-10 10:01,SOL,SMA_TREND,21.32,-54.89,76.21,33,48.5,-69.8,YES
2026-02-10 10:01,SOL,MACD_CROSS,-15.92,-54.89,38.96,6,50.0,-58.4,YES
2026-02-10 10:01,SOL,MACD_ZERO,100.45,-54.89,155.33,3,100.0,-14.1,YES
2026-02-10 10:01,SOL,MACD_HISTOGRAM,-15.92,-54.89,38.96,6,50.0,-58.4,YES
2026-02-10 10:01,SOL,BB_BOUNCE,-6.69,-54.89,48.2,12,41.7,-53.1,YES
2026-02-10 10:01,SOL,BB_BREAKOUT,0.82,-54.89,55.7,8,62.5,-46.2,YES
2026-02-10 10:01,SOL,TREND_RSI,-85.63,-54.89,-30.74,14,21.4,-86.7,NO
2026-02-10 10:01,SOL,MOMENTUM,-62.75,-54.89,-7.86,12,33.3,-78.9,NO
2026-02-10 10:01,SOL,MOMENTUM_STRONG,25.6,-54.89,80.48,9,55.6,-62.1,YES
2026-02-10 10:01,SOL,COMBO_MACD_RSI,1.85,-54.89,56.74,6,50.0,-61.7,YES
2026-02-10 10:01,SOL,COMBO_BB_RSI,23.44,-54.89,78.32,11,45.5,-53.1,YES
2026-02-10 10:01,SOL,MEAN_REVERT,-94.98,-54.89,-40.1,35,34.3,-98.2,NO
2026-02-10 10:01,LTC,RSI_EXTREME,-43.02,-55.25,12.23,13,46.2,-83.8,YES
2026-02-10 10:01,LTC,RSI_MODERATE,-65.89,-55.25,-10.64,6,16.7,-68.4,NO
2026-02-10 10:01,LTC,RSI_REVERSAL,8.89,-55.25,64.14,7,57.1,-51.3,YES
2026-02-10 10:01,LTC,SMA_CROSS,-89.51,-55.25,-34.26,9,33.3,-94.1,NO
2026-02-10 10:01,LTC,SMA_TREND,-88.53,-55.25,-33.28,28,39.3,-96.5,NO
2026-02-10 10:01,LTC,MACD_CROSS,-12.81,-55.25,42.44,8,37.5,-57.0,YES
2026-02-10 10:01,LTC,MACD_ZERO,-65.06,-55.25,-9.81,7,14.3,-75.4,NO
2026-02-10 10:01,LTC,MACD_HISTOGRAM,-12.81,-55.25,42.44,8,37.5,-57.0,YES
2026-02-10 10:01,LTC,BB_BOUNCE,-15.79,-55.25,39.46,8,62.5,-85.9,YES
2026-02-10 10:01,LTC,BB_BREAKOUT,-86.75,-55.25,-31.5,8,12.5,-88.8,NO
2026-02-10 10:01,LTC,TREND_RSI,223.92,-55.25,279.17,9,55.6,-26.9,YES
2026-02-10 10:01,LTC,MOMENTUM,-85.19,-55.25,-29.94,17,35.3,-96.3,NO
2026-02-10 10:01,LTC,MOMENTUM_STRONG,-71.64,-55.25,-16.39,13,30.8,-89.2,NO
2026-02-10 10:01,LTC,COMBO_MACD_RSI,-12.81,-55.25,42.44,8,37.5,-57.0,YES
2026-02-10 10:01,LTC,COMBO_BB_RSI,-62.9,-55.25,-7.65,6,50.0,-85.9,NO
2026-02-10 10:01,LTC,MEAN_REVERT,-44.03,-55.25,11.21,28,39.3,-91.9,YES
2026-02-10 11:01,BTC,RSI_EXTREME,-39.34,-40.99,1.65,15,40.0,-81.6,YES
2026-02-10 11:01,BTC,RSI_MODERATE,-15.96,-40.99,25.03,7,42.9,-51.5,YES
2026-02-10 11:01,BTC,RSI_REVERSAL,32.36,-40.99,73.35,8,50.0,-40.2,YES
2026-02-10 11:01,BTC,SMA_CROSS,2.48,-40.99,43.47,8,37.5,-54.7,YES
2026-02-10 11:01,BTC,SMA_TREND,38.8,-40.99,79.79,18,50.0,-57.2,YES
2026-02-10 11:01,BTC,MACD_CROSS,38.27,-40.99,79.26,4,50.0,-35.1,YES
2026-02-10 11:01,BTC,MACD_ZERO,10.96,-40.99,51.95,3,33.3,-34.6,YES
2026-02-10 11:01,BTC,MACD_HISTOGRAM,38.27,-40.99,79.26,4,50.0,-35.1,YES
2026-02-10 11:01,BTC,BB_BOUNCE,-28.3,-40.99,12.69,9,44.4,-63.3,YES
2026-02-10 11:01,BTC,BB_BREAKOUT,112.69,-40.99,153.68,7,57.1,-36.8,YES
2026-02-10 11:01,BTC,TREND_RSI,-42.77,-40.99,-1.78,10,30.0,-67.7,NO
2026-02-10 11:01,BTC,MOMENTUM,-19.2,-40.99,21.79,12,33.3,-59.5,YES
2026-02-10 11:01,BTC,MOMENTUM_STRONG,-16.66,-40.99,24.33,5,40.0,-53.7,YES
2026-02-10 11:01,BTC,COMBO_MACD_RSI,37.81,-40.99,78.8,3,66.7,-26.1,YES
2026-02-10 11:01,BTC,COMBO_BB_RSI,-56.27,-40.99,-15.28,9,33.3,-74.8,NO
2026-02-10 11:01,BTC,MEAN_REVERT,-58.1,-40.99,-17.1,19,36.8,-81.7,NO
2026-02-10 11:01,SOL,RSI_EXTREME,-88.8,-54.61,-34.18,21,33.3,-93.3,NO
2026-02-10 11:01,SOL,RSI_MODERATE,-25.63,-54.61,28.98,9,33.3,-74.9,YES
2026-02-10 11:01,SOL,RSI_REVERSAL,-56.64,-54.61,-2.03,8,25.0,-64.1,NO
2026-02-10 11:01,SOL,SMA_CROSS,-51.27,-54.61,3.34,10,40.0,-75.2,YES
2026-02-10 11:01,SOL,SMA_TREND,18.94,-54.61,73.56,33,48.5,-69.8,YES
2026-02-10 11:01,SOL,MACD_CROSS,-15.92,-54.61,38.69,6,50.0,-58.4,YES
2026-02-10 11:01,SOL,MACD_ZERO,100.45,-54.61,155.06,3,100.0,-14.1,YES
2026-02-10 11:01,SOL,MACD_HISTOGRAM,-15.92,-54.61,38.69,6,50.0,-58.4,YES
2026-02-10 11:01,SOL,BB_BOUNCE,-6.69,-54.61,47.93,12,41.7,-53.1,YES
2026-02-10 11:01,SOL,BB_BREAKOUT,0.82,-54.61,55.43,8,62.5,-46.2,YES
2026-02-10 11:01,SOL,TREND_RSI,-85.63,-54.61,-31.02,14,21.4,-86.7,NO
2026-02-10 11:01,SOL,MOMENTUM,-62.75,-54.61,-8.13,12,33.3,-78.9,NO
2026-02-10 11:01,SOL,MOMENTUM_STRONG,25.6,-54.61,80.21,9,55.6,-62.1,YES
2026-02-10 11:01,SOL,COMBO_MACD_RSI,1.85,-54.61,56.47,6,50.0,-61.7,YES
2026-02-10 11:01,SOL,COMBO_BB_RSI,23.44,-54.61,78.05,11,45.5,-53.1,YES
2026-02-10 11:01,SOL,MEAN_REVERT,-94.84,-54.61,-40.23,35,34.3,-98.2,NO
2026-02-10 13:00,LTC,RSI_EXTREME,-40.74,-54.85,14.11,12,50.0,-83.8,YES
2026-02-10 13:00,LTC,RSI_MODERATE,-65.89,-54.85,-11.04,6,16.7,-68.4,NO
2026-02-10 13:00,LTC,RSI_REVERSAL,8.89,-54.85,63.74,7,57.1,-51.3,YES
2026-02-10 13:00,LTC,SMA_CROSS,-89.51,-54.85,-34.66,9,33.3,-94.1,NO
2026-02-10 13:00,LTC,SMA_TREND,-88.88,-54.85,-34.04,28,39.3,-96.5,NO
2026-02-10 13:00,LTC,MACD_CROSS,-12.81,-54.85,42.04,8,37.5,-57.0,YES
2026-02-10 13:00,LTC,MACD_ZERO,-65.06,-54.85,-10.22,7,14.3,-75.4,NO
2026-02-10 13:00,LTC,MACD_HISTOGRAM,-12.81,-54.85,42.04,8,37.5,-57.0,YES
2026-02-10 13:00,LTC,BB_BOUNCE,-15.79,-54.85,39.06,8,62.5,-85.9,YES
2026-02-10 13:00,LTC,BB_BREAKOUT,-86.75,-54.85,-31.9,8,12.5,-88.8,NO
2026-02-10 13:00,LTC,TREND_RSI,223.92,-54.85,278.77,9,55.6,-26.9,YES
2026-02-10 13:00,LTC,MOMENTUM,-85.19,-54.85,-30.34,17,35.3,-96.3,NO
2026-02-10 13:00,LTC,MOMENTUM_STRONG,-71.64,-54.85,-16.79,13,30.8,-89.2,NO
2026-02-10 13:00,LTC,COMBO_MACD_RSI,-12.81,-54.85,42.04,8,37.5,-57.0,YES
2026-02-10 13:00,LTC,COMBO_BB_RSI,-62.9,-54.85,-8.05,6,50.0,-85.9,NO
2026-02-10 13:00,LTC,MEAN_REVERT,-41.8,-54.85,13.05,27,40.7,-91.9,YES
2026-02-10 14:01,BTC,RSI_EXTREME,-40.56,-41.27,0.71,15,40.0,-81.6,YES
2026-02-10 14:01,BTC,RSI_MODERATE,-15.96,-41.27,25.31,7,42.9,-51.5,YES
2026-02-10 14:01,BTC,RSI_REVERSAL,29.69,-41.27,70.96,8,50.0,-40.2,YES
2026-02-10 14:01,BTC,SMA_CROSS,2.48,-41.27,43.75,8,37.5,-54.7,YES
2026-02-10 14:01,BTC,SMA_TREND,41.21,-41.27,82.49,18,50.0,-57.2,YES
2026-02-10 14:01,BTC,MACD_CROSS,38.27,-41.27,79.54,4,50.0,-35.1,YES
2026-02-10 14:01,BTC,MACD_ZERO,10.96,-41.27,52.23,3,33.3,-34.6,YES
2026-02-10 14:01,BTC,MACD_HISTOGRAM,38.27,-41.27,79.54,4,50.0,-35.1,YES
2026-02-10 14:01,BTC,BB_BOUNCE,-28.3,-41.27,12.97,9,44.4,-63.3,YES
2026-02-10 14:01,BTC,BB_BREAKOUT,112.69,-41.27,153.96,7,57.1,-36.8,YES
2026-02-10 14:01,BTC,TREND_RSI,-42.77,-41.27,-1.5,10,30.0,-67.7,NO
2026-02-10 14:01,BTC,MOMENTUM,-19.2,-41.27,22.07,12,33.3,-59.5,YES
2026-02-10 14:01,BTC,MOMENTUM_STRONG,-16.66,-41.27,24.61,5,40.0,-53.7,YES
2026-02-10 14:01,BTC,COMBO_MACD_RSI,37.81,-41.27,79.08,3,66.7,-26.1,YES
2026-02-10 14:01,BTC,COMBO_BB_RSI,-56.27,-41.27,-15.0,9,33.3,-74.8,NO
2026-02-10 14:01,BTC,MEAN_REVERT,-58.94,-41.27,-17.67,19,36.8,-81.7,NO
2026-02-10 14:01,MATIC,RSI_EXTREME,inf,-23.7,inf,1,100.0,0,YES
2026-02-10 14:01,MATIC,RSI_MODERATE,126.09,-23.7,149.79,3,66.7,-14.4,YES
2026-02-10 14:01,MATIC,RSI_REVERSAL,0.0,-23.7,23.7,1,0.0,0,YES
2026-02-10 14:01,MATIC,SMA_CROSS,-89.8,-23.7,-66.1,2,0.0,-90.4,NO
2026-02-10 14:01,MATIC,SMA_TREND,-inf,-23.7,-inf,7,42.9,-inf,NO
2026-02-10 14:01,MATIC,MACD_CROSS,-30.45,-23.7,-6.75,1,0.0,-30.7,NO
2026-02-10 14:01,MATIC,MACD_ZERO,0.0,-23.7,23.7,0,0,0,YES
2026-02-10 14:01,MATIC,MACD_HISTOGRAM,-30.45,-23.7,-6.75,1,0.0,-30.7,NO
2026-02-10 14:01,MATIC,BB_BOUNCE,inf,-23.7,inf,2,100.0,-0.3,YES
2026-02-10 14:01,MATIC,BB_BREAKOUT,-inf,-23.7,-inf,2,0.0,-inf,NO
2026-02-10 14:01,MATIC,TREND_RSI,102.56,-23.7,126.26,1,100.0,-5.2,YES
2026-02-10 14:01,MATIC,MOMENTUM,-30.45,-23.7,-6.75,1,0.0,-30.7,NO
2026-02-10 14:01,MATIC,MOMENTUM_STRONG,-44.12,-23.7,-20.43,2,0.0,-44.1,NO
2026-02-10 14:01,MATIC,COMBO_MACD_RSI,0.0,-23.7,23.7,0,0,0,YES
2026-02-10 14:01,MATIC,COMBO_BB_RSI,inf,-23.7,inf,2,100.0,-0.3,YES
2026-02-10 14:01,MATIC,MEAN_REVERT,-inf,-23.7,-inf,6,50.0,-inf,NO
2026-02-10 15:01,BTC,RSI_EXTREME,-40.17,-41.18,1.01,15,40.0,-81.6,YES
2026-02-10 15:01,BTC,RSI_MODERATE,-15.96,-41.18,25.22,7,42.9,-51.5,YES
2026-02-10 15:01,BTC,RSI_REVERSAL,30.54,-41.18,71.72,8,50.0,-40.2,YES
2026-02-10 15:01,BTC,SMA_CROSS,2.48,-41.18,43.66,8,37.5,-54.7,YES
2026-02-10 15:01,BTC,SMA_TREND,40.45,-41.18,81.63,18,50.0,-57.2,YES
2026-02-10 15:01,BTC,MACD_CROSS,38.27,-41.18,79.45,4,50.0,-35.1,YES
2026-02-10 15:01,BTC,MACD_ZERO,10.96,-41.18,52.15,3,33.3,-34.6,YES
2026-02-10 15:01,BTC,MACD_HISTOGRAM,38.27,-41.18,79.45,4,50.0,-35.1,YES
2026-02-10 15:01,BTC,BB_BOUNCE,-28.3,-41.18,12.88,9,44.4,-63.3,YES
2026-02-10 15:01,BTC,BB_BREAKOUT,112.69,-41.18,153.87,7,57.1,-36.8,YES
2026-02-10 15:01,BTC,TREND_RSI,-42.77,-41.18,-1.59,10,30.0,-67.7,NO
2026-02-10 15:01,BTC,MOMENTUM,-19.2,-41.18,21.98,12,33.3,-59.5,YES
2026-02-10 15:01,BTC,MOMENTUM_STRONG,-16.66,-41.18,24.52,5,40.0,-53.7,YES
2026-02-10 15:01,BTC,COMBO_MACD_RSI,37.81,-41.18,78.99,3,66.7,-26.1,YES
2026-02-10 15:01,BTC,COMBO_BB_RSI,-56.27,-41.18,-15.08,9,33.3,-74.8,NO
2026-02-10 15:01,BTC,MEAN_REVERT,-58.67,-41.18,-17.49,19,36.8,-81.7,NO
2026-02-10 15:01,LTC,RSI_EXTREME,-42.91,-55.23,12.32,13,46.2,-83.8,YES
2026-02-10 15:01,LTC,RSI_MODERATE,-65.89,-55.23,-10.66,6,16.7,-68.4,NO
2026-02-10 15:01,LTC,RSI_REVERSAL,8.89,-55.23,64.12,7,57.1,-51.3,YES
2026-02-10 15:01,LTC,SMA_CROSS,-89.51,-55.23,-34.28,9,33.3,-94.1,NO
2026-02-10 15:01,LTC,SMA_TREND,-88.55,-55.23,-33.32,28,39.3,-96.5,NO
2026-02-10 15:01,LTC,MACD_CROSS,-12.81,-55.23,42.42,8,37.5,-57.0,YES
2026-02-10 15:01,LTC,MACD_ZERO,-65.06,-55.23,-9.83,7,14.3,-75.4,NO
2026-02-10 15:01,LTC,MACD_HISTOGRAM,-12.81,-55.23,42.42,8,37.5,-57.0,YES
2026-02-10 15:01,LTC,BB_BOUNCE,-15.79,-55.23,39.44,8,62.5,-85.9,YES
2026-02-10 15:01,LTC,BB_BREAKOUT,-86.75,-55.23,-31.52,8,12.5,-88.8,NO
2026-02-10 15:01,LTC,TREND_RSI,223.92,-55.23,279.15,9,55.6,-26.9,YES
2026-02-10 15:01,LTC,MOMENTUM,-85.19,-55.23,-29.96,17,35.3,-96.3,NO
2026-02-10 15:01,LTC,MOMENTUM_STRONG,-71.64,-55.23,-16.41,13,30.8,-89.2,NO
2026-02-10 15:01,LTC,COMBO_MACD_RSI,-12.81,-55.23,42.42,8,37.5,-57.0,YES
2026-02-10 15:01,LTC,COMBO_BB_RSI,-62.9,-55.23,-7.67,6,50.0,-85.9,NO
2026-02-10 15:01,LTC,MEAN_REVERT,-43.93,-55.23,11.3,28,39.3,-91.9,YES
2026-02-10 16:01,BTC,RSI_EXTREME,-41.15,-41.41,0.26,15,40.0,-81.6,YES
2026-02-10 16:01,BTC,RSI_MODERATE,-15.96,-41.41,25.44,7,42.9,-51.5,YES
2026-02-10 16:01,BTC,RSI_REVERSAL,28.41,-41.41,69.82,8,50.0,-40.2,YES
2026-02-10 16:01,BTC,SMA_CROSS,2.48,-41.41,43.89,8,37.5,-54.7,YES
2026-02-10 16:01,BTC,SMA_TREND,42.38,-41.41,83.78,18,50.0,-57.2,YES
2026-02-10 16:01,BTC,MACD_CROSS,38.27,-41.41,79.67,4,50.0,-35.1,YES
2026-02-10 16:01,BTC,MACD_ZERO,10.96,-41.41,52.37,3,33.3,-34.6,YES
2026-02-10 16:01,BTC,MACD_HISTOGRAM,38.27,-41.41,79.67,4,50.0,-35.1,YES
2026-02-10 16:01,BTC,BB_BOUNCE,-28.3,-41.41,13.11,9,44.4,-63.3,YES
2026-02-10 16:01,BTC,BB_BREAKOUT,112.69,-41.41,154.09,7,57.1,-36.8,YES
2026-02-10 16:01,BTC,TREND_RSI,-42.77,-41.41,-1.37,10,30.0,-67.7,NO
2026-02-10 16:01,BTC,MOMENTUM,-19.2,-41.41,22.2,12,33.3,-59.5,YES
2026-02-10 16:01,BTC,MOMENTUM_STRONG,-16.66,-41.41,24.74,5,40.0,-53.7,YES
2026-02-10 16:01,BTC,COMBO_MACD_RSI,37.81,-41.41,79.21,3,66.7,-26.1,YES
2026-02-10 16:01,BTC,COMBO_BB_RSI,-56.27,-41.41,-14.86,9,33.3,-74.8,NO
2026-02-10 16:01,BTC,MEAN_REVERT,-59.35,-41.41,-17.94,19,36.8,-81.7,NO
2026-02-10 16:01,ETH,RSI_EXTREME,-87.05,-54.59,-32.46,14,28.6,-91.6,NO
2026-02-10 16:01,ETH,RSI_MODERATE,35.69,-54.59,90.28,12,58.3,-51.7,YES
2026-02-10 16:01,ETH,RSI_REVERSAL,-48.08,-54.59,6.51,8,25.0,-57.8,YES
2026-02-10 16:01,ETH,SMA_CROSS,-60.09,-54.59,-5.51,8,25.0,-77.4,NO
2026-02-10 16:01,ETH,SMA_TREND,-48.88,-54.59,5.71,25,48.0,-79.8,YES
2026-02-10 16:01,ETH,MACD_CROSS,-54.88,-54.59,-0.29,8,25.0,-72.2,NO
2026-02-10 16:01,ETH,MACD_ZERO,-1.9,-54.59,52.68,4,50.0,-53.7,YES
2026-02-10 16:01,ETH,MACD_HISTOGRAM,-54.88,-54.59,-0.29,8,25.0,-72.2,NO
2026-02-10 16:01,ETH,BB_BOUNCE,-40.16,-54.59,14.42,9,33.3,-66.3,YES
2026-02-10 16:01,ETH,BB_BREAKOUT,-19.62,-54.59,34.97,7,57.1,-52.8,YES
2026-02-10 16:01,ETH,TREND_RSI,-73.11,-54.59,-18.52,14,28.6,-86.0,NO
2026-02-10 16:01,ETH,MOMENTUM,-66.24,-54.59,-11.66,10,30.0,-79.1,NO
2026-02-10 16:01,ETH,MOMENTUM_STRONG,-67.17,-54.59,-12.58,13,30.8,-85.0,NO
2026-02-10 16:01,ETH,COMBO_MACD_RSI,-53.63,-54.59,0.95,5,20.0,-66.4,YES
2026-02-10 16:01,ETH,COMBO_BB_RSI,-40.16,-54.59,14.42,9,33.3,-66.3,YES
2026-02-10 16:01,ETH,MEAN_REVERT,-85.91,-54.59,-31.33,33,39.4,-95.4,NO
2026-02-10 16:01,SOL,RSI_EXTREME,-89.79,-55.5,-34.29,21,33.3,-93.3,NO
2026-02-10 16:01,SOL,RSI_MODERATE,-25.63,-55.5,29.87,9,33.3,-74.9,YES
2026-02-10 16:01,SOL,RSI_REVERSAL,-56.64,-55.5,-1.14,8,25.0,-64.1,NO
2026-02-10 16:01,SOL,SMA_CROSS,-51.27,-55.5,4.23,10,40.0,-75.2,YES
2026-02-10 16:01,SOL,SMA_TREND,26.7,-55.5,82.2,33,48.5,-69.8,YES
2026-02-10 16:01,SOL,MACD_CROSS,-15.92,-55.5,39.58,6,50.0,-58.4,YES
2026-02-10 16:01,SOL,MACD_ZERO,100.45,-55.5,155.95,3,100.0,-14.1,YES
2026-02-10 16:01,SOL,MACD_HISTOGRAM,-15.92,-55.5,39.58,6,50.0,-58.4,YES
2026-02-10 16:01,SOL,BB_BOUNCE,-6.69,-55.5,48.82,12,41.7,-53.1,YES
2026-02-10 16:01,SOL,BB_BREAKOUT,0.82,-55.5,56.32,8,62.5,-46.2,YES
2026-02-10 16:01,SOL,TREND_RSI,-85.63,-55.5,-30.13,14,21.4,-86.7,NO
2026-02-10 16:01,SOL,MOMENTUM,-62.75,-55.5,-7.25,12,33.3,-78.9,NO
2026-02-10 16:01,SOL,MOMENTUM_STRONG,25.6,-55.5,81.1,9,55.6,-62.1,YES
2026-02-10 16:01,SOL,COMBO_MACD_RSI,1.85,-55.5,57.35,6,50.0,-61.7,YES
2026-02-10 16:01,SOL,COMBO_BB_RSI,23.44,-55.5,78.94,11,45.5,-53.1,YES
2026-02-10 16:01,SOL,MEAN_REVERT,-95.3,-55.5,-39.8,35,34.3,-98.2,NO
2026-02-10 16:01,DOGE,RSI_EXTREME,-43.02,-59.33,16.31,16,43.8,-88.6,YES
2026-02-10 16:01,DOGE,RSI_MODERATE,-56.94,-59.33,2.38,14,28.6,-82.1,YES
2026-02-10 16:01,DOGE,RSI_REVERSAL,-81.57,-59.33,-22.24,9,22.2,-86.3,NO
2026-02-10 16:01,DOGE,SMA_CROSS,-86.55,-59.33,-27.22,6,33.3,-92.4,NO
2026-02-10 16:01,DOGE,SMA_TREND,-89.16,-59.33,-29.84,36,47.2,-94.8,NO
2026-02-10 16:01,DOGE,MACD_CROSS,-72.34,-59.33,-13.01,11,27.3,-87.6,NO
2026-02-10 16:01,DOGE,MACD_ZERO,-20.22,-59.33,39.1,3,33.3,-47.8,YES
2026-02-10 16:01,DOGE,MACD_HISTOGRAM,-72.34,-59.33,-13.01,11,27.3,-87.6,NO
2026-02-10 16:01,DOGE,BB_BOUNCE,4.23,-59.33,63.56,12,50.0,-67.8,YES
2026-02-10 16:01,DOGE,BB_BREAKOUT,-54.14,-59.33,5.19,8,37.5,-65.4,YES
2026-02-10 16:01,DOGE,TREND_RSI,-80.25,-59.33,-20.92,12,25.0,-84.1,NO
2026-02-10 16:01,DOGE,MOMENTUM,-90.14,-59.33,-30.81,14,50.0,-97.7,NO
2026-02-10 16:01,DOGE,MOMENTUM_STRONG,-97.91,-59.33,-38.58,10,30.0,-98.7,NO
2026-02-10 16:01,DOGE,COMBO_MACD_RSI,-9.12,-59.33,50.21,7,42.9,-72.0,YES
2026-02-10 16:01,DOGE,COMBO_BB_RSI,25.12,-59.33,84.44,12,50.0,-67.8,YES
2026-02-10 16:01,DOGE,MEAN_REVERT,-93.6,-59.33,-34.27,45,33.3,-98.3,NO
2026-02-10 16:01,LTC,RSI_EXTREME,-42.76,-55.2,12.44,13,46.2,-83.8,YES
2026-02-10 16:01,LTC,RSI_MODERATE,-65.89,-55.2,-10.69,6,16.7,-68.4,NO
2026-02-10 16:01,LTC,RSI_REVERSAL,8.89,-55.2,64.09,7,57.1,-51.3,YES
2026-02-10 16:01,LTC,SMA_CROSS,-89.51,-55.2,-34.31,9,33.3,-94.1,NO
2026-02-10 16:01,LTC,SMA_TREND,-88.57,-55.2,-33.37,28,39.3,-96.5,NO
2026-02-10 16:01,LTC,MACD_CROSS,-12.81,-55.2,42.4,8,37.5,-57.0,YES
2026-02-10 16:01,LTC,MACD_ZERO,-65.06,-55.2,-9.86,7,14.3,-75.4,NO
2026-02-10 16:01,LTC,MACD_HISTOGRAM,-12.81,-55.2,42.4,8,37.5,-57.0,YES
2026-02-10 16:01,LTC,BB_BOUNCE,-15.79,-55.2,39.41,8,62.5,-85.9,YES
2026-02-10 16:01,LTC,BB_BREAKOUT,-86.75,-55.2,-31.55,8,12.5,-88.8,NO
2026-02-10 16:01,LTC,TREND_RSI,223.92,-55.2,279.13,9,55.6,-26.9,YES
2026-02-10 16:01,LTC,MOMENTUM,-85.19,-55.2,-29.98,17,35.3,-96.3,NO
2026-02-10 16:01,LTC,MOMENTUM_STRONG,-71.64,-55.2,-16.44,13,30.8,-89.2,NO
2026-02-10 16:01,LTC,COMBO_MACD_RSI,-12.81,-55.2,42.4,8,37.5,-57.0,YES
2026-02-10 16:01,LTC,COMBO_BB_RSI,-62.9,-55.2,-7.7,6,50.0,-85.9,NO
2026-02-10 16:01,LTC,MEAN_REVERT,-43.78,-55.2,11.42,28,39.3,-91.9,YES
2026-02-10 17:01,BTC,RSI_EXTREME,-41.73,-41.54,-0.19,15,40.0,-81.6,NO
2026-02-10 17:01,BTC,RSI_MODERATE,-15.96,-41.54,25.58,7,42.9,-51.5,YES
2026-02-10 17:01,BTC,RSI_REVERSAL,27.15,-41.54,68.69,8,50.0,-40.2,YES
2026-02-10 17:01,BTC,SMA_CROSS,2.48,-41.54,44.02,8,37.5,-54.7,YES
2026-02-10 17:01,BTC,SMA_TREND,43.52,-41.54,85.06,18,50.0,-57.2,YES
2026-02-10 17:01,BTC,MACD_CROSS,38.27,-41.54,79.8,4,50.0,-35.1,YES
2026-02-10 17:01,BTC,MACD_ZERO,10.96,-41.54,52.5,3,33.3,-34.6,YES
2026-02-10 17:01,BTC,MACD_HISTOGRAM,38.27,-41.54,79.8,4,50.0,-35.1,YES
2026-02-10 17:01,BTC,BB_BOUNCE,-28.3,-41.54,13.24,9,44.4,-63.3,YES
2026-02-10 17:01,BTC,BB_BREAKOUT,112.69,-41.54,154.23,7,57.1,-36.8,YES
2026-02-10 17:01,BTC,TREND_RSI,-42.77,-41.54,-1.24,10,30.0,-67.7,NO
2026-02-10 17:01,BTC,MOMENTUM,-19.2,-41.54,22.34,12,33.3,-59.5,YES
2026-02-10 17:01,BTC,MOMENTUM_STRONG,-16.66,-41.54,24.88,5,40.0,-53.7,YES
2026-02-10 17:01,BTC,COMBO_MACD_RSI,37.81,-41.54,79.35,3,66.7,-26.1,YES
2026-02-10 17:01,BTC,COMBO_BB_RSI,-56.27,-41.54,-14.73,9,33.3,-74.8,NO
2026-02-10 17:01,BTC,MEAN_REVERT,-59.74,-41.54,-18.21,19,36.8,-81.7,NO
2026-02-10 17:01,ETH,RSI_EXTREME,-87.13,-54.65,-32.47,14,28.6,-91.6,NO
2026-02-10 17:01,ETH,RSI_MODERATE,35.69,-54.65,90.35,12,58.3,-51.7,YES
2026-02-10 17:01,ETH,RSI_REVERSAL,-48.43,-54.65,6.23,8,25.0,-57.8,YES
2026-02-10 17:01,ETH,SMA_CROSS,-60.09,-54.65,-5.44,8,25.0,-77.4,NO
2026-02-10 17:01,ETH,SMA_TREND,-48.61,-54.65,6.05,25,48.0,-79.8,YES
2026-02-10 17:01,ETH,MACD_CROSS,-54.88,-54.65,-0.23,8,25.0,-72.2,NO
2026-02-10 17:01,ETH,MACD_ZERO,-1.9,-54.65,52.75,4,50.0,-53.7,YES
2026-02-10 17:01,ETH,MACD_HISTOGRAM,-54.88,-54.65,-0.23,8,25.0,-72.2,NO
2026-02-10 17:01,ETH,BB_BOUNCE,-40.16,-54.65,14.49,9,33.3,-66.3,YES
2026-02-10 17:01,ETH,BB_BREAKOUT,-19.62,-54.65,35.04,7,57.1,-52.8,YES
2026-02-10 17:01,ETH,TREND_RSI,-73.11,-54.65,-18.46,14,28.6,-86.0,NO
2026-02-10 17:01,ETH,MOMENTUM,-66.24,-54.65,-11.59,10,30.0,-79.1,NO
2026-02-10 17:01,ETH,MOMENTUM_STRONG,-67.17,-54.65,-12.52,13,30.8,-85.0,NO
2026-02-10 17:01,ETH,COMBO_MACD_RSI,-53.63,-54.65,1.02,5,20.0,-66.4,YES
2026-02-10 17:01,ETH,COMBO_BB_RSI,-40.16,-54.65,14.49,9,33.3,-66.3,YES
2026-02-10 17:01,ETH,MEAN_REVERT,-86.0,-54.65,-31.35,33,39.4,-95.4,NO
2026-02-10 17:01,LTC,RSI_EXTREME,-43.32,-55.3,11.99,13,46.2,-83.8,YES
2026-02-10 17:01,LTC,RSI_MODERATE,-65.89,-55.3,-10.59,6,16.7,-68.4,NO
2026-02-10 17:01,LTC,RSI_REVERSAL,8.89,-55.3,64.19,7,57.1,-51.3,YES
2026-02-10 17:01,LTC,SMA_CROSS,-89.51,-55.3,-34.21,9,33.3,-94.1,NO
2026-02-10 17:01,LTC,SMA_TREND,-88.49,-55.3,-33.18,28,39.3,-96.5,NO
2026-02-10 17:01,LTC,MACD_CROSS,-12.81,-55.3,42.49,8,37.5,-57.0,YES
2026-02-10 17:01,LTC,MACD_ZERO,-65.06,-55.3,-9.76,7,14.3,-75.4,NO
2026-02-10 17:01,LTC,MACD_HISTOGRAM,-12.81,-55.3,42.49,8,37.5,-57.0,YES
2026-02-10 17:01,LTC,BB_BOUNCE,-15.79,-55.3,39.51,8,62.5,-85.9,YES
2026-02-10 17:01,LTC,BB_BREAKOUT,-86.75,-55.3,-31.45,8,12.5,-88.8,NO
2026-02-10 17:01,LTC,TREND_RSI,223.92,-55.3,279.22,9,55.6,-26.9,YES
2026-02-10 17:01,LTC,MOMENTUM,-85.19,-55.3,-29.89,17,35.3,-96.3,NO
2026-02-10 17:01,LTC,MOMENTUM_STRONG,-71.64,-55.3,-16.34,13,30.8,-89.2,NO
2026-02-10 17:01,LTC,COMBO_MACD_RSI,-12.81,-55.3,42.49,8,37.5,-57.0,YES
2026-02-10 17:01,LTC,COMBO_BB_RSI,-62.9,-55.3,-7.6,6,50.0,-85.9,NO
2026-02-10 17:01,LTC,MEAN_REVERT,-44.33,-55.3,10.97,28,39.3,-91.9,YES
2026-02-10 18:04,BTC,RSI_EXTREME,-41.57,-41.5,-0.07,15,40.0,-81.6,NO
2026-02-10 18:04,BTC,RSI_MODERATE,-15.96,-41.5,25.54,7,42.9,-51.5,YES
2026-02-10 18:04,BTC,RSI_REVERSAL,27.49,-41.5,68.99,8,50.0,-40.2,YES
2026-02-10 18:04,BTC,SMA_CROSS,2.48,-41.5,43.98,8,37.5,-54.7,YES
2026-02-10 18:04,BTC,SMA_TREND,43.21,-41.5,84.71,18,50.0,-57.2,YES
2026-02-10 18:04,BTC,MACD_CROSS,38.27,-41.5,79.77,4,50.0,-35.1,YES
2026-02-10 18:04,BTC,MACD_ZERO,10.96,-41.5,52.47,3,33.3,-34.6,YES
2026-02-10 18:04,BTC,MACD_HISTOGRAM,38.27,-41.5,79.77,4,50.0,-35.1,YES
2026-02-10 18:04,BTC,BB_BOUNCE,-28.3,-41.5,13.21,9,44.4,-63.3,YES
2026-02-10 18:04,BTC,BB_BREAKOUT,112.69,-41.5,154.19,7,57.1,-36.8,YES
2026-02-10 18:04,BTC,TREND_RSI,-42.77,-41.5,-1.27,10,30.0,-67.7,NO
2026-02-10 18:04,BTC,MOMENTUM,-19.2,-41.5,22.3,12,33.3,-59.5,YES
2026-02-10 18:04,BTC,MOMENTUM_STRONG,-16.66,-41.5,24.84,5,40.0,-53.7,YES
2026-02-10 18:04,BTC,COMBO_MACD_RSI,37.81,-41.5,79.31,3,66.7,-26.1,YES
2026-02-10 18:04,BTC,COMBO_BB_RSI,-56.27,-41.5,-14.76,9,33.3,-74.8,NO
2026-02-10 18:04,BTC,MEAN_REVERT,-59.64,-41.5,-18.13,19,36.8,-81.7,NO
2026-02-10 18:04,ETH,RSI_EXTREME,-86.97,-54.52,-32.44,14,28.6,-91.6,NO
2026-02-10 18:04,ETH,RSI_MODERATE,35.69,-54.52,90.22,12,58.3,-51.7,YES
2026-02-10 18:04,ETH,RSI_REVERSAL,-47.74,-54.52,6.78,8,25.0,-57.8,YES
2026-02-10 18:04,ETH,SMA_CROSS,-60.09,-54.52,-5.57,8,25.0,-77.4,NO
2026-02-10 18:04,ETH,SMA_TREND,-49.14,-54.52,5.39,25,48.0,-79.8,YES
2026-02-10 18:04,ETH,MACD_CROSS,-54.88,-54.52,-0.36,8,25.0,-72.2,NO
2026-02-10 18:04,ETH,MACD_ZERO,-1.9,-54.52,52.62,4,50.0,-53.7,YES
2026-02-10 18:04,ETH,MACD_HISTOGRAM,-54.88,-54.52,-0.36,8,25.0,-72.2,NO
2026-02-10 18:04,ETH,BB_BOUNCE,-40.16,-54.52,14.36,9,33.3,-66.3,YES
2026-02-10 18:04,ETH,BB_BREAKOUT,-19.62,-54.52,34.91,7,57.1,-52.8,YES
2026-02-10 18:04,ETH,TREND_RSI,-73.11,-54.52,-18.59,14,28.6,-86.0,NO
2026-02-10 18:04,ETH,MOMENTUM,-66.24,-54.52,-11.72,10,30.0,-79.1,NO
2026-02-10 18:04,ETH,MOMENTUM_STRONG,-67.17,-54.52,-12.65,13,30.8,-85.0,NO
2026-02-10 18:04,ETH,COMBO_MACD_RSI,-53.63,-54.52,0.89,5,20.0,-66.4,YES
2026-02-10 18:04,ETH,COMBO_BB_RSI,-40.16,-54.52,14.36,9,33.3,-66.3,YES
2026-02-10 18:04,ETH,MEAN_REVERT,-85.83,-54.52,-31.3,33,39.4,-95.4,NO
2026-02-10 18:04,XRP,RSI_EXTREME,-82.02,-54.54,-27.48,14,28.6,-93.6,NO
2026-02-10 18:04,XRP,RSI_MODERATE,-2.78,-54.54,51.75,10,40.0,-66.6,YES
2026-02-10 18:04,XRP,RSI_REVERSAL,-53.81,-54.54,0.73,6,16.7,-53.8,YES
2026-02-10 18:04,XRP,SMA_CROSS,-23.84,-54.54,30.7,8,37.5,-73.4,YES
2026-02-10 18:04,XRP,SMA_TREND,-81.72,-54.54,-27.18,28,46.4,-84.6,NO
2026-02-10 18:04,XRP,MACD_CROSS,-51.15,-54.54,3.39,11,36.4,-81.5,YES
2026-02-10 18:04,XRP,MACD_ZERO,26.14,-54.54,80.68,4,50.0,-40.7,YES
2026-02-10 18:04,XRP,MACD_HISTOGRAM,-51.15,-54.54,3.39,11,36.4,-81.5,YES
2026-02-10 18:04,XRP,BB_BOUNCE,21.77,-54.54,76.31,10,50.0,-65.6,YES
2026-02-10 18:04,XRP,BB_BREAKOUT,-88.0,-54.54,-33.46,6,33.3,-88.0,NO
2026-02-10 18:04,XRP,TREND_RSI,-44.41,-54.54,10.13,14,42.9,-72.1,YES
2026-02-10 18:04,XRP,MOMENTUM,-50.33,-54.54,4.21,15,40.0,-85.7,YES
2026-02-10 18:04,XRP,MOMENTUM_STRONG,44.69,-54.54,99.23,10,50.0,-61.4,YES
2026-02-10 18:04,XRP,COMBO_MACD_RSI,-24.14,-54.54,30.39,8,37.5,-79.3,YES
2026-02-10 18:04,XRP,COMBO_BB_RSI,21.77,-54.54,76.31,10,50.0,-65.6,YES
2026-02-10 18:04,XRP,MEAN_REVERT,-95.49,-54.54,-40.95,37,37.8,-97.0,NO
2026-02-10 19:01,ETH,RSI_EXTREME,-86.83,-54.41,-32.42,14,28.6,-91.6,NO
2026-02-10 19:01,ETH,RSI_MODERATE,35.69,-54.41,90.1,12,58.3,-51.7,YES
2026-02-10 19:01,ETH,RSI_REVERSAL,-47.14,-54.41,7.27,8,25.0,-57.8,YES
2026-02-10 19:01,ETH,SMA_CROSS,-60.09,-54.41,-5.69,8,25.0,-77.4,NO
2026-02-10 19:01,ETH,SMA_TREND,-49.6,-54.41,4.81,25,48.0,-79.8,YES
2026-02-10 19:01,ETH,MACD_CROSS,-54.88,-54.41,-0.47,8,25.0,-72.2,NO
2026-02-10 19:01,ETH,MACD_ZERO,-1.9,-54.41,52.5,4,50.0,-53.7,YES
2026-02-10 19:01,ETH,MACD_HISTOGRAM,-54.88,-54.41,-0.47,8,25.0,-72.2,NO
2026-02-10 19:01,ETH,BB_BOUNCE,-40.16,-54.41,14.24,9,33.3,-66.3,YES
2026-02-10 19:01,ETH,BB_BREAKOUT,-19.62,-54.41,34.79,7,57.1,-52.8,YES
2026-02-10 19:01,ETH,TREND_RSI,-73.11,-54.41,-18.7,14,28.6,-86.0,NO
2026-02-10 19:01,ETH,MOMENTUM,-66.24,-54.41,-11.83,10,30.0,-79.1,NO
2026-02-10 19:01,ETH,MOMENTUM_STRONG,-67.17,-54.41,-12.76,13,30.8,-85.0,NO
2026-02-10 19:01,ETH,COMBO_MACD_RSI,-53.63,-54.41,0.77,5,20.0,-66.4,YES
2026-02-10 19:01,ETH,COMBO_BB_RSI,-40.16,-54.41,14.24,9,33.3,-66.3,YES
2026-02-10 19:01,ETH,MEAN_REVERT,-85.67,-54.41,-31.27,33,39.4,-95.4,NO
2026-02-10 20:01,SOL,RSI_EXTREME,-89.34,-56.04,-33.31,21,38.1,-93.3,NO
2026-02-10 20:01,SOL,RSI_MODERATE,-25.63,-56.04,30.4,9,33.3,-74.9,YES
2026-02-10 20:01,SOL,RSI_REVERSAL,-56.64,-56.04,-0.6,8,25.0,-64.1,NO
2026-02-10 20:01,SOL,SMA_CROSS,-51.27,-56.04,4.77,10,40.0,-75.2,YES
2026-02-10 20:01,SOL,SMA_TREND,22.74,-56.04,78.78,33,48.5,-69.8,YES
2026-02-10 20:01,SOL,MACD_CROSS,-15.92,-56.04,40.11,6,50.0,-58.4,YES
2026-02-10 20:01,SOL,MACD_ZERO,100.45,-56.04,156.48,3,100.0,-14.1,YES
2026-02-10 20:01,SOL,MACD_HISTOGRAM,-15.92,-56.04,40.11,6,50.0,-58.4,YES
2026-02-10 20:01,SOL,BB_BOUNCE,-6.69,-56.04,49.35,12,41.7,-53.1,YES
2026-02-10 20:01,SOL,BB_BREAKOUT,0.82,-56.04,56.85,8,62.5,-46.2,YES
2026-02-10 20:01,SOL,TREND_RSI,-83.61,-56.04,-27.58,13,23.1,-83.6,NO
2026-02-10 20:01,SOL,MOMENTUM,-62.75,-56.04,-6.71,12,33.3,-78.9,NO
2026-02-10 20:01,SOL,MOMENTUM_STRONG,25.6,-56.04,81.63,9,55.6,-62.1,YES
2026-02-10 20:01,SOL,COMBO_MACD_RSI,1.85,-56.04,57.89,6,50.0,-61.7,YES
2026-02-10 20:01,SOL,COMBO_BB_RSI,23.44,-56.04,79.47,11,45.5,-53.1,YES
2026-02-10 20:01,SOL,MEAN_REVERT,-95.1,-56.04,-39.06,35,37.1,-98.2,NO
2026-02-10 20:01,MATIC,RSI_EXTREME,inf,-24.88,inf,1,100.0,0,YES
2026-02-10 20:01,MATIC,RSI_MODERATE,126.09,-24.88,150.96,3,66.7,-14.4,YES
2026-02-10 20:01,MATIC,RSI_REVERSAL,0.0,-24.88,24.88,1,0.0,0,YES
2026-02-10 20:01,MATIC,SMA_CROSS,-89.8,-24.88,-64.93,2,0.0,-90.4,NO
2026-02-10 20:01,MATIC,SMA_TREND,-inf,-24.88,-inf,7,42.9,-inf,NO
2026-02-10 20:01,MATIC,MACD_CROSS,-30.45,-24.88,-5.58,1,0.0,-30.7,NO
2026-02-10 20:01,MATIC,MACD_ZERO,0.0,-24.88,24.88,0,0,0,YES
2026-02-10 20:01,MATIC,MACD_HISTOGRAM,-30.45,-24.88,-5.58,1,0.0,-30.7,NO
2026-02-10 20:01,MATIC,BB_BOUNCE,inf,-24.88,inf,2,100.0,-0.3,YES
2026-02-10 20:01,MATIC,BB_BREAKOUT,-inf,-24.88,-inf,2,0.0,-inf,NO
2026-02-10 20:01,MATIC,TREND_RSI,102.56,-24.88,127.44,1,100.0,-5.2,YES
2026-02-10 20:01,MATIC,MOMENTUM,-30.45,-24.88,-5.58,1,0.0,-30.7,NO
2026-02-10 20:01,MATIC,MOMENTUM_STRONG,-44.12,-24.88,-19.25,2,0.0,-44.1,NO
2026-02-10 20:01,MATIC,COMBO_MACD_RSI,0.0,-24.88,24.88,0,0,0,YES
2026-02-10 20:01,MATIC,COMBO_BB_RSI,inf,-24.88,inf,2,100.0,-0.3,YES
2026-02-10 20:01,MATIC,MEAN_REVERT,-inf,-24.88,-inf,6,50.0,-inf,NO
2026-02-10 21:02,BTC,RSI_EXTREME,-40.29,-41.29,1.0,15,40.0,-81.6,YES
2026-02-10 21:02,BTC,RSI_MODERATE,-15.96,-41.29,25.33,7,42.9,-51.5,YES
2026-02-10 21:02,BTC,RSI_REVERSAL,30.29,-41.29,71.58,8,50.0,-40.2,YES
2026-02-10 21:02,BTC,SMA_CROSS,46.41,-41.29,87.7,7,42.9,-34.2,YES
2026-02-10 21:02,BTC,SMA_TREND,33.9,-41.29,75.19,18,50.0,-57.9,YES
2026-02-10 21:02,BTC,MACD_CROSS,38.27,-41.29,79.55,4,50.0,-35.1,YES
2026-02-10 21:02,BTC,MACD_ZERO,10.96,-41.29,52.25,3,33.3,-34.6,YES
2026-02-10 21:02,BTC,MACD_HISTOGRAM,38.27,-41.29,79.55,4,50.0,-35.1,YES
2026-02-10 21:02,BTC,BB_BOUNCE,-28.3,-41.29,12.99,9,44.4,-63.3,YES
2026-02-10 21:02,BTC,BB_BREAKOUT,112.69,-41.29,153.98,7,57.1,-36.8,YES
2026-02-10 21:02,BTC,TREND_RSI,-42.77,-41.29,-1.49,10,30.0,-67.7,NO
2026-02-10 21:02,BTC,MOMENTUM,-19.2,-41.29,22.09,12,33.3,-59.5,YES
2026-02-10 21:02,BTC,MOMENTUM_STRONG,-16.66,-41.29,24.63,5,40.0,-53.7,YES
2026-02-10 21:02,BTC,COMBO_MACD_RSI,37.81,-41.29,79.1,3,66.7,-26.1,YES
2026-02-10 21:02,BTC,COMBO_BB_RSI,-56.27,-41.29,-14.98,9,33.3,-74.8,NO
2026-02-10 21:02,BTC,MEAN_REVERT,-57.68,-41.29,-16.39,19,36.8,-81.7,NO
2026-02-10 21:02,XRP,RSI_EXTREME,-81.33,-54.56,-26.76,14,28.6,-93.6,NO
2026-02-10 21:02,XRP,RSI_MODERATE,-2.78,-54.56,51.78,10,40.0,-66.6,YES
2026-02-10 21:02,XRP,RSI_REVERSAL,-53.69,-54.56,0.87,6,16.7,-53.7,YES
2026-02-10 21:02,XRP,SMA_CROSS,-23.84,-54.56,30.73,8,37.5,-73.4,YES
2026-02-10 21:02,XRP,SMA_TREND,-82.25,-54.56,-27.69,28,46.4,-84.6,NO
2026-02-10 21:02,XRP,MACD_CROSS,-51.15,-54.56,3.42,11,36.4,-81.5,YES
2026-02-10 21:02,XRP,MACD_ZERO,48.71,-54.56,103.28,3,66.7,-40.7,YES
2026-02-10 21:02,XRP,MACD_HISTOGRAM,-51.15,-54.56,3.42,11,36.4,-81.5,YES
2026-02-10 21:02,XRP,BB_BOUNCE,21.77,-54.56,76.33,10,50.0,-65.6,YES
2026-02-10 21:02,XRP,BB_BREAKOUT,-88.0,-54.56,-33.43,6,33.3,-88.0,NO
2026-02-10 21:02,XRP,TREND_RSI,-44.41,-54.56,10.15,14,42.9,-72.1,YES
2026-02-10 21:02,XRP,MOMENTUM,-50.33,-54.56,4.23,15,40.0,-85.7,YES
2026-02-10 21:02,XRP,MOMENTUM_STRONG,44.69,-54.56,99.26,10,50.0,-61.4,YES
2026-02-10 21:02,XRP,COMBO_MACD_RSI,-24.14,-54.56,30.42,8,37.5,-79.3,YES
2026-02-10 21:02,XRP,COMBO_BB_RSI,21.77,-54.56,76.33,10,50.0,-65.6,YES
2026-02-10 21:02,XRP,MEAN_REVERT,-95.33,-54.56,-40.76,37,40.5,-97.0,NO
